	Time	Latitude	Longitude	Magnitude	Epicenter	Remarks	YYYY	MM	DD
0	04:08	28.43	83.99	4.0	Kaski	NEMRC/DMG	2023.0	7.0	19.0
1	05:32	29.75	81.78	4.6	Humla	NEMRC/SC/DMG	2023.0	7.0	13.0
2	00:10	28.15	84.54	4.0	Lamjung	NEMRC/DMG	2023.0	6.0	23.0
3	23:10	29.78	80.92	4.0	Darchula	NEMRC/SC/DMG	2023.0	6.0	19.0
4	01:53	29.72	81.61	4.4	Bajura	NEMRC/SC/DMG	2023.0	6.0	12.0
5	22:21	29.66	81.61	4.5	Bajhang	NEMRC/SC/DMG	2023.0	5.0	23.0
6	13:09	29.68	81.61	4.1	Bajura	NEMRC/SC/DMG	2023.0	5.0	22.0
7	21:14	28.62	82.84	4.1	RUKUM EAST	NEMRC/SC/DMG	2023.0	5.0	20.0
8	23:30	29.73	81.62	4.3	Bajura	NEMRC/SC/DMG	2023.0	5.0	10.0
9	07:32	29.78	81.58	4.1	Bajura	NEMRC/SC/DMG	2023.0	5.0	4.0
10	08:50	29.89	81.93	4.0	Humla	NEMRC/SC/DMG	2023.0	5.0	1.0
11	03:40	29.74	81.63	4.1	Bajura	NEMRC/SC/DMG	2023.0	4.0	28.0
12	19:45	29.78	81.61	5.9	Bajura	NEMRC/SC/DMG	2023.0	4.0	27.0
13	18:13	29.75	81.56	4.9	Bajura	NEMRC/SC/DMG	2023.0	4.0	27.0
14	07:27	29.38	81.34	4.1	Bajura	NEMRC/SC/DMG	2023.0	4.0	23.0
15	13:05	28.17	84.74	4.1	Gorkha	NEMRC/DMG	2023.0	4.0	11.0
16	05:42	27.76	86.19	5.2	Dolakha	NEMRC/DMG	2023.0	4.0	1.0
17	21:34	28.12	84.9	4.1	Gorkha	NEMRC/DMG	2023.0	3.0	31.0
18	17:56	27.86	87.89	4.6	Taplejung	NEMRC/DMG	2023.0	3.0	28.0
19	16:42	29.42	81.66	4.3	Bajura	NEMRC/SC/DMG	2023.0	3.0	26.0
20	04:06	29.64	81.89	4.5	Mugu	NEMRC/SC/DMG	2023.0	3.0	24.0
21	13:11	28.95	81.68	4.1	Dailekh	NEMRC/SC/DMG	2023.0	3.0	13.0
22	02:50	29.29	81.4	4.4	Achham	NEMRC/SC/DMG	2023.0	3.0	5.0
23	02:18	27.57	85.59	4.3	Kavrepalanchok	NEMRC/DMG	2023.0	3.0	5.0
24	11:57	27.82	88.02	4.0	Taplejung	NEMRC/DMG	2023.0	3.0	1.0
25	04:18	27.08	87.96	4.3	Illam	NEMRC/DMG	2023.0	2.0	28.0
26	08:00	29.68	81.67	5.2	Bajura	NEMRC/SC	2023.0	2.0	22.0
27	22:45	27.83	87.95	4.8	Taplejung	NEMRC/DMG	2023.0	2.0	12.0
28	03:07	28.8	82.53	4.2	Rukum	NEMRC/SC/DMG	2023.0	2.0	10.0
29	05:59	29.71	81.62	4.0	Bajura	SC/NEMRC	2023.0	2.0	1.0
30	18:39	27.42	87.47	4.0	Taplejung	NEMRC/DMG	2023.0	1.0	31.0
31	19:22	29.64	81.68	4.1	Bajura	NEMRC/SC	2023.0	1.0	25.0
32	08:58	29.75	81.7	5.9	Bajura	NEMRC/SC/DMG	2023.0	1.0	24.0
33	22:53	27.8	85.81	4.2	Sindhupalchok	NEMRC/DMG	2023.0	1.0	21.0
34	21:43	28.45	83.09	4.0	Baglung	NEMRC/DMG	2022.0	12.0	27.0
35	20:22	28.36	83.19	5.3	Baglung	NEMRC/DMG	2022.0	12.0	27.0
36	19:38	28.45	83.14	4.7	Baglung	NEMRC/DMG	2022.0	12.0	27.0
37	01:30	29.1	83.3	4.6	Dolpa	NEMRC/SC/DMG	2022.0	12.0	23.0
38	19:15	30.0	80.74	4.1	Darchula	NEMRC/SC/DMG	2022.0	12.0	21.0
39	17:08	28.26	85.06	4.5	Dhading	NEMRC/DMG	2022.0	12.0	18.0
40	05:00	26.93	87.26	4.0	Dhankuta	NEMRC/DMG	2022.0	11.0	28.0
41	12:23	29.35	81.21	4.2	Achham	SC/NEMRC/DMG	2022.0	11.0	15.0
42	14:27	29.45	81.19	5.4	Bajhang	NEMRC/SC	2022.0	11.0	12.0
43	23:28	29.35	81.29	4.1	Bajura	NEMRC/SC/DMG	2022.0	11.0	9.0
44	20:27	29.38	81.13	6.6	Doti	NEMRC/SC/DMG	2022.0	11.0	8.0
45	16:11	29.38	81.11	4.1	Doti	NEMRC/SC	2022.0	11.0	8.0
46	15:22	29.38	81.11	5.7	Doti	NEMRS/SC	2022.0	11.0	8.0
47	03:41	29.6	81.04	4.6	Bajhang	NEMRC/SC	2022.0	10.0	30.0
48	10:08	28.07	86.02	4.5	Sindhupalchok/Tibet	NEMRC	2022.0	10.0	19.0
49	09:22	28.15	86.06	5.9	Sindhupalchok/Tibet	NEMRC	2022.0	10.0	19.0
50	19:43	28.24	81.77	4.8	Banke	NEMRC	2022.0	8.0	19.0
51	16:58	27.97	85.54	4.2	Sindhupalchok	NERMC	2022.0	8.0	18.0
52	23:41	27.83	85.15	5.3	Nuwakot	NEMRC/SC	2022.0	8.0	5.0
53	02:28	27.16	86.83	6.0	khotang	NEMRC	2022.0	7.0	31.0
54	00:22	27.94	85.52	4.7	Sindhupalchok	NEMRC	2022.0	7.0	25.0
55	22:46	29.41	81.34	4.1	Bajura	NEMRC/SC	2022.0	7.0	17.0
56	14:04	29.82	80.76	4.2	Darchula	NEMRC/SC	2022.0	7.0	10.0
57	09:47	27.66	86.2	4.1	Dolakha	NEMRC	2022.0	7.0	2.0
58	01:37	28.1	84.81	4.1	Gorkha	NEMRC	2022.0	6.0	23.0
59	22:11	28.33	83.86	4.9	Kaski	NEMRC	2022.0	6.0	22.0
60	20:51	27.7	85.41	4.7	Bhaktapur	NEMRC	2022.0	6.0	10.0
61	07:05	29.61	80.51	4.0	Baitadi	NEMRC/SC	2022.0	6.0	7.0
62	09:24	27.3	87.73	4.3	Taplejung	NEMRC	2022.0	5.0	23.0
63	09:15	27.31	87.94	4.1	Taplejung	NEMRC	2022.0	5.0	23.0
64	04:12	29.35	82.04	4.1	Jumla	NEMRC/SC	2022.0	5.0	4.0
65	00:18	29.58	81.0	4.1	Bajhang	NEMRC/SC	2022.0	4.0	19.0
66	10:54	27.9	87.86	4.2	Taplejung	NEMRC	2022.0	3.0	23.0
67	10:07	29.7	80.71	4.1	Baitadi	NEMRC	2022.0	2.0	22.0
68	11:09	27.9	84.57	4.1	Gorkha	NEMRC	2022.0	1.0	26.0
69	00:58	27.98	85.58	4.1	Sindhupalchok	NEMRC	2022.0	1.0	21.0
70	18:29	28.68	82.97	4.2	Rukum East	NEMRC/SC	2022.0	1.0	6.0
71	10:31	27.67	86.32	4.2	Dolakha	NEMRC	2022.0	1.0	5.0
72	08:43	27.87	85.92	4.1	Sindhupalchok	NEMRC	2021.0	11.0	9.0
73	14:45	28.29	84.36	4.1	Lamjung	NEMRC	2021.0	10.0	25.0
74	09:38	27.86	85.82	4.0	Sindhupalchok	NEMRC	2021.0	10.0	18.0
75	09:35	27.85	85.81	4.1	Sindhupalchok	NEMRC	2021.0	10.0	18.0
76	08:11	27.92	85.81	4.7	Sindhupalchok	NEMRC	2021.0	10.0	18.0
77	08:01	27.92	85.8	4.7	Sindhupalchok	NEMRC	2021.0	10.0	18.0
78	22:24	28.18	84.93	4.3	Gorkha	NEMRC	2021.0	10.0	16.0
79	14:28	27.91	85.81	4.1	Sindhupalchowk	NEMRC	2021.0	10.0	2.0
80	14:13	27.92	85.81	4.6	Sindhupalchowk	NEMRC	2021.0	10.0	2.0
81	07:09	27.71	85.92	4.2	Sindhupalchowk	NEMRC	2021.0	10.0	1.0
82	06:27	27.91	85.8	4.5	Sindhupalchowk	NEMRC	2021.0	9.0	25.0
83	10:45	29.89	80.59	4.2	Kharra, Darchula	NEMRC/SC	2021.0	9.0	20.0
84	14:56	27.64	86.1	4.3	Dolakha	NEMRC	2021.0	9.0	12.0
85	20:38	29.61	81.01	4.0	Bajhang	NEMRC/SC	2021.0	8.0	23.0
86	04:09	26.98	86.69	4.3	Udayapur	NEMRC	2021.0	8.0	12.0
87	13:12	27.28	86.9	4.2	Khotang	NEMRC	2021.0	7.0	23.0
88	15:14	28.98	81.47	4.3	Dailekh	NEMRC/SC	2021.0	7.0	18.0
89	10:12	28.13	84.56	4.2	Lamjung	NEMRC	2021.0	7.0	7.0
90	16:17	29.79	81.59	4.1	Bajhang/Bajura	NEMRC/SC	2021.0	7.0	2.0
91	08:35	27.3	87.26	4.0	Sankhuwasabha	NEMRC	2021.0	6.0	29.0
92	16:54	28.24	84.41	4.5	Lamjung	NEMRC	2021.0	5.0	19.0
93	15:38	28.27	84.42	4.0	Lamjung	NEMRC	2021.0	5.0	19.0
94	02:41	28.27	84.4	5.3	Lamjung	NEMRC	2021.0	5.0	19.0
95	02:32	28.26	84.36	4.1	Lamjung	NEMRC	2021.0	5.0	19.0
96	02:31	28.26	84.35	4.0	Lamjung	NEMRC	2021.0	5.0	19.0
97	23:57	28.28	84.39	5.8	Lamjung	NEMRC	2021.0	5.0	18.0
98	15:19	26.75	89.09	5.8	Binnaguri, India	NEMRC	2021.0	4.0	5.0
99	04:20	27.5	85.63	4.1	Kavrepalanchok	NEMRC	2021.0	3.0	18.0
100	12:58	27.79	86.35	4.2	Dolakha	NEMRC	2021.0	3.0	3.0
101	01:50	27.89	87.91	5.4	Taplejung	NEMRC	2021.0	2.0	9.0
102	22:13	27.78	88.15	4.5	Taplejung	NEMRC	2021.0	2.0	4.0
103	16:14	28.78	84.1	5.3	Manang	NEMRC	2021.0	2.0	2.0
104	11:40	27.66	86.18	4.0	Dolakha	NEMRC	2021.0	1.0	14.0
105	04:03	29.89	80.7	4.2	Darchula	NEMRC/SC	2021.0	1.0	12.0
106	04:59	27.66	87.62	4.4	Taplejung	NEMRC	2021.0	1.0	3.0
107	20:04	27.66	86.34	4.6	Ramechhap	NEMRC	2020.0	12.0	29.0
108	13:23	27.77	87.86	4.2	Taplejung	NEMRC	2020.0	12.0	8.0
109	07:57	27.75	85.87	4.2	Sindhupalchok	NEMRC	2020.0	12.0	2.0
110	21:44	27.73	87.87	4.9	Taplejung	NEMRC	2020.0	11.0	8.0
111	18:34	29.58	80.81	4.2	Bajhang	NEMRC/SC	2020.0	10.0	28.0
112	10:32	27.62	86.24	4.0	Dolakha	NEMRC	2020.0	10.0	24.0
113	23:34	27.77	85.88	6.0	Sindhupalchowk	NEMRC	2020.0	9.0	15.0
114	03:45	26.76	88.21	5.0	Nepal India  Border	NEMRC	2020.0	9.0	11.0
115	10:03	27.92	84.94	4.0	Dhading	NSC	2020.0	9.0	9.0
116	01:35	27.58	87.19	4.0	Sankhuwasabha	NSC	2020.0	9.0	4.0
117	15:24	29.59	80.89	4.7	Bajhang	NSC/RSC	2020.0	8.0	25.0
118	10:22	27.8	87.62	4.2	Sankhuwasabha	NSC	2020.0	8.0	15.0
119	04:08	27.88	86.2	4.1	Dolakha	NSC	2020.0	6.0	16.0
120	15:51	27.85	84.93	4.8	Dhading	NSC	2020.0	5.0	30.0
121	10:15	29.73	82.01	4.2	Humla/Mugu	NSC/RSC	2020.0	5.0	26.0
122	18:08	27.65	86.15	5.3	Dolakha	NSC	2020.0	5.0	12.0
123	19:10	27.55	86.59	4.7	Solukhumbu	NSC	2020.0	4.0	15.0
124	15:10	29.58	80.96	4.0	Bajhang	NSC/RSC	2020.0	4.0	2.0
125	12:51	28.01	84.97	4.0	Dhading	NSC	2020.0	3.0	25.0
126	15:00	28.34	83.8	5.0	Kaski	NSC	2020.0	3.0	15.0
127	13:32	27.79	86.18	4.3	Dolakha	NSC	2020.0	3.0	4.0
128	15:28	29.71	81.69	4.3	Bajura/Humla	NSC/RSC	2020.0	2.0	19.0
129	02:14	29.61	81.71	4.2	Bajura	NSC/RSC	2020.0	1.0	28.0
130	20:22	29.59	81.73	4.2	Bajura	NSC/RSC	2020.0	1.0	12.0
131	14:34	29.58	81.71	4.5	Bajura	NSC/RSC	2020.0	1.0	12.0
132	13:26	27.95	85.59	4.8	Sindhupalchowk	NSC	2019.0	12.0	12.0
133	16:23	27.79	85.79	5.0	Sindhupalchowk	NSC	2019.0	11.0	27.0
134	13:30	29.42	81.1	5.7	Bajhang	NSC/RSC	2019.0	11.0	19.0
135	02:00	30.2	80.1	4.6	India	NSC/RSC	2019.0	11.0	12.0
136	22:06	28.45	83.23	4.5	Baglung	NSC	2019.0	10.0	31.0
137	13:42	29.66	82.04	4.1	Mugu	NSC/RSC	2019.0	10.0	28.0
138	05:21	26.88	86.59	4.1	Udayapur	NSC	2019.0	10.0	22.0
139	19:24	27.82	87.98	4.2	Taplejung	NSC	2019.0	10.0	20.0
140	01:42	28.66	83.06	4.4	Rukum/Baglung border	NSC	2019.0	9.0	29.0
141	04:58	30.0	81.45	4.3	Bajhang/Humla border	RSC/NSC	2019.0	9.0	28.0
142	13:04	28.28	84.65	4.7	Gorkha/Lamjung border	NSC	2019.0	9.0	26.0
143	19:33	27.71	86.32	4.0	Dolakha	NSC	2019.0	9.0	25.0
144	16:16	28.25	84.49	4.4	Lamjung	NSC	2019.0	9.0	22.0
145	00:34	28.15	84.61	4.0	Gorkha	NSC	2019.0	9.0	21.0
146	04:08	28.21	84.49	4.5	Lamjung	NSC	2019.0	9.0	17.0
147	14:33	29.8	80.48	4.4	Darchula(Nepal-India Border)	NSC/RSC	2019.0	9.0	16.0
148	05:09	30.3	81.74	5.0	Humla	RSC/NSC	2019.0	9.0	15.0
149	01:22	27.52	86.39	4.0	Solukhumbu	NSC	2019.0	8.0	22.0
150	17:24	27.69	86.26	4.3	Dolakha	NSC	2019.0	8.0	14.0
151	12:41	28.5	83.22	4.7	Myagdi	NSC	2019.0	8.0	9.0
152	12:13	27.8	86.15	4.2	Dolakha	NSC	2019.0	7.0	24.0
153	10:30	27.67	85.42	4.6	Bhaktapur	NSC	2019.0	7.0	6.0
154	16:36	27.95	84.8	4.0	Dhading	NSC	2019.0	6.0	27.0
155	15:47	28.95	81.98	4.5	Jajarkot	NSC/RSC	2019.0	6.0	15.0
156	06:37	29.52	81.05	4.0	Bajhang	RSC/NSC	2019.0	6.0	14.0
157	04:16	29.62	82.11	4.6	Mugu	RSC/NSC	2019.0	5.0	30.0
158	15:23	29.5	81.28	4.3	Bajhang	RSC/NSC	2019.0	5.0	25.0
159	05:17	27.7	86.47	4.9	Ramechhap	NSC	2019.0	5.0	25.0
160	18:02	28.21	84.37	4.1	Lamjung	NSC	2019.0	5.0	21.0
161	08:23	27.85	84.87	5.0	Dhading	NSC	2019.0	5.0	17.0
162	18:51	28.98	81.78	5.1	Dailekh	RSC/NSC	2019.0	5.0	11.0
163	02:52	27.94	85.72	4.0	Sindhupalchowk	NSC	2019.0	5.0	4.0
164	05:50	27.93	85.94	4.0	Sindhupalchowk	NSC	2019.0	4.0	29.0
165	00:55	27.7	85.14	4.3	Dhading	NSC	2019.0	4.0	24.0
166	00:44	27.69	85.17	5.2	Dhading	NSC	2019.0	4.0	24.0
167	06:50	28.0	84.76	4.5	Gorkha	NSC	2019.0	4.0	16.0
168	22:42	29.49	81.24	4.8	Bajhang	RSC/NSC	2019.0	4.0	14.0
169	04:40	28.03	85.38	4.6	Rasuwa	NSC	2019.0	4.0	13.0
170	07:20	27.76	86.27	4.2	Dolakha	NSC	2019.0	4.0	9.0
171	15:02	28.98	81.69	4.1	Dailekh	RSC/NSC	2019.0	4.0	1.0
172	03:16	27.63	85.16	4.1	Makawanpur	NSC	2019.0	3.0	18.0
173	10:35	27.84	85.95	4.1	Sindhupalchok	NSC	2019.0	2.0	26.0
174	10:30	27.66	86.0	4.4	Dolakha	NSC	2019.0	2.0	26.0
175	14:49	27.68	85.27	4.0	Kathmandu	NSC	2019.0	2.0	16.0
176	11:26	27.81	88.18	4.6	Taplejung	NSC	2019.0	2.0	14.0
177	16:45	27.09	86.96	4.5	Bhojpur	NSC	2019.0	1.0	22.0
178	05:49	27.6	86.31	4.5	Ramechhap	NSC	2019.0	1.0	10.0
179	23:21	27.85	85.76	4.7	Sindhupalchok	NSC	2018.0	12.0	22.0
180	01:22	27.72	86.02	4.0	Sindhupalchok/Dolakha	NSC	2018.0	10.0	25.0
181	05:07	28.94	81.72	4.3	Dailekh	RSC/NSC	2018.0	10.0	6.0
182	16:00	28.93	81.7	4.0	Dailekh	RSC/NSC	2018.0	10.0	5.0
183	07:08	28.94	81.74	4.0	Dailekh	RSC/NSC	2018.0	10.0	5.0
184	19:57	28.57	82.88	4.0	East Rukum	NSC	2018.0	9.0	19.0
185	17:50	27.79	87.41	4.2	Sankhuwasabha	NSC	2018.0	8.0	29.0
186	12:31	27.5	88.04	4.5	Taplejung	NSC	2018.0	8.0	24.0
187	08:47	27.66	86.1	4.2	Dolakha	NSC	2018.0	8.0	2.0
188	11:59	27.94	85.51	4.3	Sindhupalchok	NSC	2018.0	7.0	24.0
189	02:45	27.75	84.87	4.8	Dhading	NSC	2018.0	7.0	24.0
190	05:30	29.02	81.51	4.2	Dailekh	RSC/NSC	2018.0	7.0	18.0
191	17:07	27.82	84.81	4.4	Dhading	NSC	2018.0	7.0	17.0
192	03:13	29.57	81.56	4.1	Bajura	RSC/NSC	2018.0	7.0	13.0
193	01:36	28.11	85.04	4.1	Dhading	NSC	2018.0	7.0	5.0
194	04:07	27.87	84.91	5.0	Dhading	NSC	2018.0	6.0	28.0
195	04:15	27.31	87.9	4.7	Taplejung	NSC	2018.0	6.0	20.0
196	04:09	27.36	88.01	4.8	Taplejung	NSC	2018.0	6.0	20.0
197	01:34	29.68	81.65	4.9	Bajura	RSC/NSC	2018.0	6.0	5.0
198	15:22	27.68	86.11	4.3	Dolakha	NSC	2018.0	6.0	1.0
199	20:32	28.17	84.89	4.1	gorkha	NSC	2018.0	5.0	31.0
200	16:00	28.9	81.77	4.3	Dailekh	RSC/NSC	2018.0	5.0	31.0
201	14:25	29.98	80.54	4.6	Dharchula	RSC/NSC	2018.0	5.0	24.0
202	15:04	27.74	88.13	4.4	Taplejung	NSC	2018.0	5.0	5.0
203	05:06	27.7	86.33	4.6	Dolakha	NSC	2018.0	3.0	2.0
204	19:00	27.7	86.33	4.7	Dolakha	NSC	2018.0	2.0	26.0
205	15:59	28.07	85.96	4.3	Tibet	NSC	2018.0	2.0	21.0
206	02:53	27.72	86.01	4.3	Dolakha	NSC	2018.0	1.0	19.0
207	07:45	29.82	80.76	4.5	Darchula	RSC/NSC	2017.0	12.0	28.0
208	11:33	27.96	85.68	4.2	Sindhupalchowk	NSC	2017.0	12.0	18.0
209	02:51	27.63	86.19	5.2	Dolakha	NSC	2017.0	12.0	8.0
210	03:09	29.78	81.28	4.5	Bajhang	RSC/NSC	2017.0	11.0	6.0
211	12:51	29.08	81.45	4.0	Achham	NSC/RSC	2017.0	10.0	26.0
212	11:17	28.5	83.32	4.2	Myagdi	NSC	2017.0	10.0	15.0
213	01:22	28.83	82.55	4.1	Rukum	NSC/RSC	2017.0	10.0	2.0
214	07:19	27.62	86.25	4.6	Dolakha	NSC	2017.0	9.0	21.0
215	10:40	28.06	85.94	4.8	Sindhupalchok-Tibet border	NSC	2017.0	8.0	24.0
216	12:50	29.41	81.1	4.9	Bajhang	RSC/NSC	2017.0	8.0	22.0
217	12:03	27.66	86.27	4.6	Dolakha	NSC	2017.0	8.0	21.0
218	04:44	27.56	85.96	4.0	Dolakha	NSC	2017.0	7.0	24.0
219	04:35	28.94	81.75	4.0	Dailekh	NSC/RSC	2017.0	7.0	15.0
220	01:58	27.34	86.49	5.1	Okhaldhunga	NSC	2017.0	7.0	2.0
221	18:24	27.66	86.41	4.2	Ramechhap	NSC	2017.0	6.0	28.0
222	03:42	27.88	88.13	4.1	Taplejung-Tibet Border	NSC	2017.0	6.0	14.0
223	11:54	27.62	86.1	4.1	Dolakha	NSC	2017.0	6.0	12.0
224	05:38	29.64	80.97	4.1	Bajhang	RSC/NSC	2017.0	5.0	30.0
225	11:19	27.86	85.77	4.2	Sindhupalchowk	NSC	2017.0	4.0	24.0
226	03:04	29.75	81.31	4.1	Bajhang	NSC/RSC	2017.0	4.0	24.0
227	01:43	30.37	81.57	4.1	Humla	RSC/NSC	2017.0	3.0	10.0
228	04:21	27.38	86.13	4.7	Ramechhap	NSC	2017.0	2.0	27.0
229	03:37	27.36	86.12	4.6	Ramechhap	NSC	2017.0	2.0	27.0
230	00:15	27.79	84.8	4.0	Dhading	NSC	2017.0	2.0	18.0
231	11:13	29.88	80.61	4.1	Darchula	NSC/RSC	2017.0	2.0	10.0
232	12:13	27.73	86.08	4.4	Dolakha	NSC	2017.0	2.0	4.0
233	06:41	29.71	81.57	4.0	Bajura	RSC/NSC	2017.0	1.0	3.0
234	23:35	27.79	86.58	5.6	Ramechap/Solukhumbu	NSC/RSC	2016.0	11.0	28.0
235	04:02	29.69	81.05	4.0	Bajhang	RSC/NSC	2016.0	11.0	6.0
236	04:18	27.87	85.3	4.0	Nuwakot	NSC	2016.0	10.0	17.0
237	12:37	28.04	85.17	4.1	Rasuwa	NSC	2016.0	10.0	15.0
238	08:29	27.66	85.95	4.1	Dolakha	NSC	2016.0	10.0	12.0
239	07:08	27.67	85.95	4.6	Dolakha	NSC	2016.0	10.0	11.0
240	04:52	27.65	86.13	4.2	Dolakha	NSc	2016.0	10.0	7.0
241	17:12	27.91	85.77	4.6	Sindhupalchowk	NSC	2016.0	9.0	18.0
242	02:04	27.78	86.35	4.5	Dolakha	NSC	2016.0	9.0	5.0
243	00:37	27.82	86.14	4.1	Dolakha	NSC	2016.0	9.0	5.0
244	12:03	29.81	81.56	4.0	Bajura	RSC/NSC	2016.0	8.0	27.0
245	06:14	27.99	84.71	4.1	Gorkha	NSC	2016.0	7.0	23.0
246	22:23	27.84	86.16	4.1	Dolakha	NSC	2016.0	7.0	8.0
247	11:53	27.92	85.66	4.4	Sindhupalchowk	NSC	2016.0	7.0	7.0
248	08:59	28.31	84.35	4.3	Lamjung	NSC/RSC	2016.0	7.0	7.0
249	12:23	29.64	81.28	4.4	Bajhang	RSC/NSC	2016.0	7.0	2.0
250	09:26	29.63	81.24	4.2	Bajhang	RSC/NSC	2016.0	6.0	29.0
251	09:10	29.63	81.28	5.0	Bajhang	RSC/NSC	2016.0	6.0	29.0
252	13:00	27.76	86.34	4.1	Dolakha	NSC	2016.0	6.0	22.0
253	05:49	27.93	85.21	4.4	Nuwakot	NSC	2016.0	6.0	21.0
254	23:27	28.03	84.64	4.3	Gorkha	NSC	2016.0	6.0	14.0
255	23:25	27.96	85.62	4.4	Sindhupalchowk	NSC	2016.0	6.0	3.0
256	09:39	27.94	85.5	4.6	Sindhupalchok	NSC/RSC	2016.0	5.0	28.0
257	19:09	27.73	85.16	4.2	Dhading	NSC/RSC	2016.0	5.0	24.0
258	22:45	27.93	85.5	4.4	Sindhupalchowk	NSC/RSC	2016.0	5.0	15.0
259	23:20	27.97	85.55	4.3	Sindhupalchowk	NSC	2016.0	5.0	14.0
260	19:24	27.69	86.24	4.1	Dolakha	NSC	2016.0	5.0	13.0
261	08:52	28.01	84.68	4.5	Gorkha	NSC	2016.0	5.0	11.0
262	01:19	28.01	84.94	4.4	Dhading	NSC	2016.0	5.0	11.0
263	04:46	28.24	84.99	4.1	Gorkha/Dhading	NSC	2016.0	5.0	5.0
264	05:32	29.38	81.88	4.0	Kalikot	RSC/NSC	2016.0	5.0	4.0
265	06:43	29.54	81.1	4.2	Bajhang	RSC/NSC	2016.0	4.0	30.0
266	09:33	28.05	85.38	4.3	Rasuwa	NSC	2016.0	4.0	26.0
267	20:31	28.08	85.13	4.2	Nuwakot	NSC	2016.0	4.0	24.0
268	11:04	27.79	85.85	4.0	Sindhupalchowk	NSC	2016.0	4.0	22.0
269	06:56	27.72	86.29	4.0	Dolakha	NSC	2016.0	4.0	22.0
270	14:41	27.56	86.17	4.4	Dolakha	NSC	2016.0	4.0	12.0
271	13:20	27.65	85.31	4.5	Lalitpur	NSC	2016.0	4.0	9.0
272	04:31	27.72	86.09	4.7	Dolakha	NSC	2016.0	4.0	4.0
273	03:55	29.81	81.51	4.3	Bajhang	RSC/NSC	2016.0	4.0	4.0
274	22:41	27.93	85.59	4.0	Sindhupalchowk	NSC	2016.0	3.0	31.0
275	12:26	27.89	85.73	4.7	Sindhupalchowk	NSC	2016.0	3.0	30.0
276	23:41	27.75	88.04	4.1	Taplejung	NSC	2016.0	3.0	24.0
277	05:14	27.34	86.27	4.0	Okhaldhunga	NSC	2016.0	3.0	17.0
278	21:27	27.84	85.73	4.5	Sindhupalchowk	NSC	2016.0	3.0	15.0
279	05:15	27.83	84.9	4.8	Dhading	NSC	2016.0	3.0	13.0
280	09:28	27.9	85.87	4.2	Sindhupalchowk	NSC	2016.0	3.0	11.0
281	08:05	30.22	81.7	4.4	Humla	NSC/RSC	2016.0	3.0	7.0
282	01:25	27.69	85.93	4.0	Sindhupalchowk	NSC	2016.0	3.0	6.0
283	10:45	27.79	85.73	4.3	Sindhupalchowk	NSC	2016.0	3.0	1.0
284	09:22	27.8	85.74	5.4	Sindhupalchok	NSC	2016.0	2.0	24.0
285	03:00	27.47	87.15	4.5	Sankhuwasava	NSC	2016.0	2.0	23.0
286	18:09	28.08	84.76	5.5	Gorkha	NSC	2016.0	2.0	21.0
287	22:09	27.86	85.29	4.1	Nuwakot	NSC	2016.0	2.0	20.0
288	14:37	27.81	85.72	4.3	Sindhupalchowk	NSC	2016.0	2.0	13.0
289	16:27	27.84	85.71	4.6	Sindhupalchowk	NSC	2016.0	2.0	10.0
290	16:20	27.95	85.52	5.5	Sindhupalchowk	NSC	2016.0	2.0	5.0
291	14:57	26.68	86.27	4.2	Siraha	NSC	2016.0	1.0	27.0
292	08:42	27.83	85.83	4.4	Sindhupalchowk	NSC	2016.0	1.0	27.0
293	19:22	28.06	85.09	4.6	Nuwakot	NSC	2016.0	1.0	22.0
294	17:14	27.65	86.23	4.3	Dolakha	NSC	2016.0	1.0	15.0
295	13:05	27.63	86.25	4.1	Dolakha	NSC	2016.0	1.0	15.0
296	17:43	27.48	86.01	4.4	Ramechhap	NSC	2016.0	1.0	9.0
297	13:02	27.75	86.12	4.1	Dolakha	NSC	2016.0	1.0	4.0
298	21:30	28.01	85.8	4.2	Sindhupalchowk	NSC	2016.0	1.0	2.0
299	01:56	27.86	85.72	4.3	Sindhupalchowk	NSC	2015.0	12.0	31.0
300	22:07	27.7	86.12	4.2	Dolakha	NSC	2015.0	12.0	28.0
301	04:48	29.35	81.29	4.1	Bajura	NSC	2015.0	12.0	26.0
302	03:14	27.79	86.08	4.1	Dolakha	NSC	2015.0	12.0	23.0
303	10:16	29.44	81.69	5.5	Bajura	NSC/RSC	2015.0	12.0	18.0
304	03:00	28.04	85.02	4.1	Dhading	NSC	2015.0	12.0	13.0
305	01:42	27.86	86.19	4.0	Dolakha	NSC	2015.0	12.0	7.0
306	00:25	27.78	85.39	4.1	Kathmandu	NSC	2015.0	11.0	30.0
307	10:37	27.11	87.95	4.6	Panchthar	NSC	2015.0	11.0	27.0
308	09:38	27.63	85.53	4.1	kavrepalanchok	NSC	2015.0	11.0	27.0
309	18:57	27.87	85.77	4.1	Sindhupalchowk	NSC	2015.0	11.0	25.0
310	12:24	28.15	84.81	4.4	Gorkha	NSC	2015.0	11.0	24.0
311	11:15	27.87	85.29	4.0	Nuwakot	NSC	2015.0	11.0	24.0
312	01:26	28.43	83.3	4.1	Myagdi	NSC/RSC	2015.0	11.0	22.0
313	08:00	28.35	83.36	4.0	Baglung	NSC/RSC	2015.0	11.0	20.0
314	11:59	27.77	85.88	4.0	Sindhupalchok	NSC	2015.0	11.0	19.0
315	04:15	27.89	85.75	5.3	Sindupalchok	NSC	2015.0	11.0	19.0
316	13:10	28.02	85.28	4.3	Rasuwa	NSC	2015.0	11.0	17.0
317	10:00	27.99	85.65	4.2	Sindupalchok	NSC	2015.0	11.0	12.0
318	03:43	28.03	85.23	4.3	Rasuwa	NSC	2015.0	10.0	31.0
319	18:01	27.8	86.3	4.2	Dolakha	NSC	2015.0	10.0	17.0
320	08:43	27.71	86.16	4.2	Dolakha	NSC	2015.0	10.0	16.0
321	16:13	27.96	85.54	4.1	Sindupalchowk	NSC	2015.0	10.0	8.0
322	07:15	27.57	85.31	4.0	Lalitpur	NSC	2015.0	10.0	8.0
323	23:30	27.68	86.08	4.2	Dolakha	NSC	2015.0	10.0	7.0
324	12:02	27.69	86.09	4.2	Dolakha	NSC	2015.0	10.0	6.0
325	07:36	27.71	86.1	4.2	Dolakha	NSC	2015.0	10.0	5.0
326	07:33	27.71	86.15	4.8	Dolakha	NSC	2015.0	10.0	5.0
327	10:54	27.77	85.87	4.6	Sindhupalchowk	NSC	2015.0	9.0	29.0
328	09:27	29.83	80.6	4.6	Darchula	RSC	2015.0	9.0	29.0
329	06:32	27.74	85.07	4.5	Dhading	NSC	2015.0	9.0	22.0
330	22:20	27.76	86.37	4.0	Dolakha	NSC	2015.0	9.0	20.0
331	14:52	27.6	86.19	4.2	Dolakha	NSC	2015.0	9.0	16.0
332	12:38	27.82	86.24	4.0	Dolakha	NSC	2015.0	9.0	9.0
333	23:25	27.75	86.01	4.3	Sindhupalchowk	NSC	2015.0	9.0	3.0
334	23:06	27.64	86.19	4.4	Dolakha	NSC	2015.0	9.0	2.0
335	17:48	27.92	85.69	4.2	Sindhupalchowk	NSC	2015.0	8.0	31.0
336	21:24	27.92	84.94	4.3	Dhading	NSC	2015.0	8.0	30.0
337	13:17	27.72	85.75	5.0	Sindhupalchowk	NSC	2015.0	8.0	30.0
338	02:41	27.66	86.23	4.1	Dolakha	NSC	2015.0	8.0	30.0
339	19:06	27.85	85.74	4.2	Sindhupalchowk	NSC	2015.0	8.0	27.0
340	00:22	28.12	84.89	4.1	Gorkha	NSC	2015.0	8.0	27.0
341	07:46	30.11	81.53	4.1	Humla	RSC	2015.0	8.0	26.0
342	09:23	27.68	86.22	4.0	Dolakha	NSC	2015.0	8.0	25.0
343	09:02	27.87	86.17	5.1	Dolakha	NSC	2015.0	8.0	23.0
344	06:36	27.96	85.48	4.0	Nuwakot	NSC	2015.0	8.0	21.0
345	06:02	28.0	85.29	4.6	Rasuwa	NSC	2015.0	8.0	20.0
346	22:23	27.93	86.14	4.8	Dolakha	NSC	2015.0	8.0	18.0
347	18:11	27.71	86.05	4.8	Dolakha	NSC	2015.0	8.0	15.0
348	04:25	27.87	86.08	4.1	Dolakha	NSC	2015.0	8.0	15.0
349	13:02	27.59	85.97	4.3	Dolakha	NSC	2015.0	8.0	14.0
350	20:04	27.72	85.2	4.0	Kathmandu	NSC	2015.0	8.0	13.0
351	04:57	27.7	85.29	4.3	Kathmandu	NSC	2015.0	8.0	11.0
352	22:30	28.14	84.72	4.9	Gorkha	NSC	2015.0	8.0	10.0
353	06:36	30.1	81.85	4.0	Humla	RSC/NSC	2015.0	8.0	9.0
354	02:10	27.94	85.52	4.1	Sindupalchok	NSC	2015.0	8.0	9.0
355	15:40	27.69	86.26	4.1	Dolakha	NSC	2015.0	8.0	8.0
356	00:39	27.77	85.7	4.0	Sindupalchok	NSC	2015.0	8.0	8.0
357	06:12	27.5	85.5	4.4	Kavre	NSC	2015.0	8.0	7.0
358	14:51	27.86	85.76	4.1	Sindupalchok	NSC	2015.0	8.0	6.0
359	11:53	27.63	86.07	4.1	Dolakha	NSC	2015.0	8.0	5.0
360	08:14	27.64	86.07	4.3	Dolakha	NSC	2015.0	8.0	5.0
361	01:37	27.81	85.71	4.2	Sindupalchok	NSC	2015.0	8.0	1.0
362	14:33	27.66	86.09	4.5	Dolakha	NSC/RSC	2015.0	7.0	30.0
363	15:38	27.59	86.17	4.1	Dolakha	NSC	2015.0	7.0	28.0
364	12:53	27.68	86.04	4.0	Dolakha	NSC	2015.0	7.0	28.0
365	03:36	27.8	85.75	4.1	Sindupalchok	NSC	2015.0	7.0	28.0
366	12:38	27.94	85.48	4.2	Nuwakot	NSC	2015.0	7.0	27.0
367	04:18	27.85	85.75	4.0	Sindupalchok	NSC	2015.0	7.0	26.0
368	03:45	27.68	86.22	4.1	Dolakha	NSC	2015.0	7.0	26.0
369	18:20	27.61	86.28	4.3	Dolakha	NSC	2015.0	7.0	25.0
370	14:19	27.66	86.0	4.5	Dolakha	NSC	2015.0	7.0	25.0
371	16:29	27.7	85.32	4.6	Kathmandu	NSC/RSC	2015.0	7.0	22.0
372	02:24	27.86	86.39	4.3	Dolakha	NSC	2015.0	7.0	21.0
373	23:24	28.18	84.74	4.0	Gorkha	NSC	2015.0	7.0	17.0
374	02:29	29.8	80.73	4.1	Darchula	RSC	2015.0	7.0	15.0
375	11:54	27.63	86.09	4.2	Dolakha	NSC	2015.0	7.0	13.0
376	10:16	28.06	85.34	4.0	Rasuwa	NSC	2015.0	7.0	13.0
377	20:43	27.8	86.23	4.4	Dolakha	NSC	2015.0	7.0	11.0
378	12:14	27.89	85.73	4.4	Sindupalchok	NSC	2015.0	7.0	9.0
379	04:34	27.6	86.23	4.1	Dolakha	NSC	2015.0	7.0	8.0
380	04:10	27.92	85.68	4.2	Sindhupalchok	NSC	2015.0	7.0	8.0
381	09:31	29.69	81.74	4.6	Bajura	RSC	2015.0	7.0	7.0
382	03:21	28.48	83.13	4.2	Baglung	NSC/RSC	2015.0	7.0	7.0
383	15:29	27.96	85.75	4.4	Sindhupalchok	NSC	2015.0	7.0	6.0
384	05:03	27.69	86.2	4.3	Dolakha	NSC	2015.0	7.0	6.0
385	19:42	27.86	85.87	4.4	Sindupalchok	NSC	2015.0	7.0	5.0
386	04:22	27.67	86.2	4.2	Dolakha	NSC	2015.0	7.0	5.0
387	20:04	27.73	85.0	4.6	Dhading	NSC	2015.0	7.0	4.0
388	23:41	27.67	85.54	4.1	Kavre	NSC	2015.0	7.0	2.0
389	01:56	27.97	85.62	5.0	Sindhupalchowk	NSC	2015.0	7.0	2.0
390	21:48	27.8	85.74	4.0	Sindhupalchowk	NSC	2015.0	7.0	1.0
391	09:39	28.06	85.14	4.0	Nuwakot	NSC	2015.0	7.0	1.0
392	03:27	27.71	86.12	4.0	Dolakha	NSC	2015.0	7.0	1.0
393	21:46	27.55	85.79	4.4	Kavre	NSC	2015.0	6.0	30.0
394	23:57	27.35	86.2	5.0	Ramechhap	NSC	2015.0	6.0	29.0
395	17:49	27.93	85.64	4.0	Sindhupalchowk	NSC	2015.0	6.0	29.0
396	17:42	27.92	85.68	4.1	Sindhupalchowk	NSC	2015.0	6.0	29.0
397	16:16	27.92	85.66	4.3	Sindhupalchok	NSC	2015.0	6.0	28.0
398	12:17	27.74	86.28	4.2	Dolakha	NSC	2015.0	6.0	26.0
399	09:00	27.58	85.39	4.1	Lalitpur	NSC	2015.0	6.0	26.0
400	18:06	27.94	85.49	4.2	Sindhupalchok	NSC	2015.0	6.0	25.0
401	18:04	27.66	86.21	4.1	Dolakha	NSC	2015.0	6.0	25.0
402	15:22	27.78	85.17	4.3	Nuwakot	NSC	2015.0	6.0	25.0
403	09:14	27.85	85.75	4.0	Sindhupalchowk	NSC	2015.0	6.0	24.0
404	07:34	27.67	86.17	4.0	Dolakha	NSC	2015.0	6.0	22.0
405	13:41	27.8	86.0	4.3	Sindupalchok	NSC	2015.0	6.0	21.0
406	20:55	28.17	84.94	4.2	Gorkha	NSC	2015.0	6.0	20.0
407	12:23	28.65	82.76	5.4	Rukum	NSC	2015.0	6.0	20.0
408	20:05	28.26	84.92	4.0	Gorkha	NSC	2015.0	6.0	19.0
409	02:39	28.14	85.11	4.1	Dhading	NSC	2015.0	6.0	18.0
410	02:15	28.27	85.94	5.1	Tibet	NSC	2015.0	6.0	17.0
411	00:41	27.9	85.58	4.0	Sindhupalchok	NSC	2015.0	6.0	17.0
412	00:29	27.91	85.59	5.2	Sindhupalchok	NSC	2015.0	6.0	17.0
413	00:13	27.68	85.28	4.4	Kathmandu	NSC	2015.0	6.0	17.0
414	16:11	27.7	86.16	4.1	Dolakha	NSC	2015.0	6.0	16.0
415	10:07	27.87	85.72	4.1	Sindhupalchowk	NSC	2015.0	6.0	15.0
416	09:16	27.74	86.26	4.1	Dolakha	NSC	2015.0	6.0	14.0
417	00:14	27.8	85.15	4.2	Nuwakot	NSC	2015.0	6.0	14.0
418	01:18	27.73	86.16	5.2	Dolakha	NSC	2015.0	6.0	13.0
419	19:37	28.21	84.81	4.6	Gorkha	NSC	2015.0	6.0	12.0
420	04:34	27.67	86.09	4.4	Dolakha	NSC	2015.0	6.0	12.0
421	18:41	27.67	86.07	4.0	Dolakha	NSC	2015.0	6.0	11.0
422	16:12	27.96	85.73	5.3	Sindhupalchowk	NSC	2015.0	6.0	11.0
423	04:17	27.8	85.78	4.6	Sindhupalchowk	NSC	2015.0	6.0	11.0
424	21:05	27.87	85.81	4.1	Sindhupalchowk	NSC	2015.0	6.0	10.0
425	09:06	27.62	86.1	4.2	Dolakha	NSC	2015.0	6.0	10.0
426	07:51	27.8	85.61	4.3	Sindhupalchowk	NSC	2015.0	6.0	10.0
427	16:50	27.87	86.13	4.1	Dolakha	NSC	2015.0	6.0	7.0
428	05:17	27.9	85.64	4.6	Sindhupalchowk	NSC	2015.0	6.0	7.0
429	20:48	28.26	85.86	4.2	Tibet	NSC	2015.0	6.0	6.0
430	17:00	27.58	86.18	4.0	Dolakha	NSC	2015.0	6.0	6.0
431	08:31	27.7	85.22	4.0	Kathmandu	NSC	2015.0	6.0	5.0
432	04:17	27.79	85.78	4.1	Sindhupalchowk	NSC	2015.0	6.0	5.0
433	10:30	27.76	86.2	4.0	Dolakha	NSC	2015.0	6.0	4.0
434	21:00	27.84	85.78	4.1	Sindhupalchowk	NSC	2015.0	6.0	3.0
435	11:53	27.7	86.26	4.5	Dolakha	NSC	2015.0	6.0	3.0
436	08:54	27.76	86.07	4.2	Dolakha	NSC	2015.0	6.0	3.0
437	07:52	27.79	85.87	4.5	Sindhupalchowk	NSC	2015.0	6.0	3.0
438	08:33	30.0	81.75	4.7	Humla	NSC/RSC	2015.0	6.0	2.0
439	05:03	27.78	86.2	4.0	Dolakha	NSC	2015.0	6.0	2.0
440	22:50	27.98	85.51	4.0	Sindhupalchowk	NSC	2015.0	6.0	1.0
441	01:54	28.29	84.46	4.2	Lamjung	NSC	2015.0	5.0	31.0
442	10:13	27.79	85.17	4.5	Nuwakot	NSC	2015.0	5.0	30.0
443	08:35	28.01	85.19	4.0	Rasuwa	NSC	2015.0	5.0	30.0
444	01:52	27.75	85.21	4.0	Dhading	NSC	2015.0	5.0	30.0
445	12:37	27.82	86.34	4.2	Dolakha	NSC	2015.0	5.0	29.0
446	12:30	28.01	84.84	4.8	Dhading	NSC	2015.0	5.0	29.0
447	08:30	28.17	84.72	4.0	Gorkha	NSC	2015.0	5.0	29.0
448	05:20	28.07	84.94	4.2	Dhading	NSC	2015.0	5.0	29.0
449	03:44	28.0	84.98	5.2	Dhading	NSC	2015.0	5.0	29.0
450	12:14	27.59	86.16	4.1	Dolakha	NSC	2015.0	5.0	28.0
451	11:36	27.59	86.19	4.2	Dolakha	NSC	2015.0	5.0	28.0
452	10:16	27.94	85.54	4.0	Sindhupalchowk	NSC	2015.0	5.0	28.0
453	05:29	27.77	86.25	4.2	Dolakha	NSC	2015.0	5.0	28.0
454	05:12	27.64	85.31	4.0	Kathmandu	NSC	2015.0	5.0	28.0
455	03:40	27.95	84.8	4.0	Dhading	NSC	2015.0	5.0	28.0
456	03:07	27.99	84.79	4.0	Dhading	NSC	2015.0	5.0	28.0
457	12:03	27.59	86.2	4.2	Dolakha	NSC	2015.0	5.0	27.0
458	10:29	28.04	85.13	4.2	Nuwakot	NSC	2015.0	5.0	27.0
459	01:16	27.89	85.53	4.6	Sindhupalchowk	NSC	2015.0	5.0	27.0
460	01:15	27.91	85.53	4.5	Sindhupalchowk	NSC	2015.0	5.0	27.0
461	10:52	28.02	85.26	5.0	Rasuwa	NSC	2015.0	5.0	26.0
462	08:00	27.54	85.43	4.3	Lalitpur	NSC	2015.0	5.0	26.0
463	06:39	27.71	86.05	4.1	Dolakha	NSC	2015.0	5.0	26.0
464	05:48	27.63	86.3	4.1	Dolakha	NSC	2015.0	5.0	26.0
465	02:11	27.84	86.24	4.3	Dolakha	NSC	2015.0	5.0	26.0
466	11:00	27.71	86.07	4.1	Dolakha	NSC	2015.0	5.0	25.0
467	10:16	27.74	86.19	4.4	Dolakha	NSC	2015.0	5.0	25.0
468	03:23	28.01	84.68	5.0	Gorkha	NSC	2015.0	5.0	25.0
469	12:55	27.8	86.29	4.4	Dolakha	NSC	2015.0	5.0	24.0
470	11:46	27.84	86.0	4.2	Sindhupalchowk	NSC	2015.0	5.0	24.0
471	11:15	27.76	86.26	4.3	Dolakha	NSC	2015.0	5.0	24.0
472	10:38	27.76	86.28	4.4	Dolakha	NSC	2015.0	5.0	24.0
473	07:06	27.67	86.18	4.2	Dolakha	NSC	2015.0	5.0	24.0
474	10:26	27.9	85.51	4.4	Sindhupalchok	NSC	2015.0	5.0	23.0
475	01:14	27.74	86.2	4.2	Dolakha	NSC	2015.0	5.0	23.0
476	08:44	27.69	86.16	4.1	Dolakha	NSC	2015.0	5.0	22.0
477	07:07	30.31	81.47	4.8	Humla	NSC	2015.0	5.0	22.0
478	06:49	27.78	85.93	4.0	Sindhupalchowk	NSC	2015.0	5.0	22.0
479	05:30	27.63	86.25	4.1	Dolakha	NSC	2015.0	5.0	22.0
480	04:44	28.05	85.08	4.8	Nuwakot	NSC	2015.0	5.0	22.0
481	02:45	27.79	85.14	4.2	Nuwakot	NSC	2015.0	5.0	22.0
482	07:30	28.02	84.98	4.0	Dhading	NSC	2015.0	5.0	21.0
483	02:56	27.93	85.46	4.0	Nuwakot	NSC	2015.0	5.0	21.0
484	02:11	27.85	86.32	4.2	Dolakha	NSC	2015.0	5.0	21.0
485	11:10	27.84	86.33	4.2	Dolakha	NSC	2015.0	5.0	20.0
486	02:47	27.52	85.26	4.4	Lalitput	NSC	2015.0	5.0	20.0
487	11:29	27.9	85.99	4.0	Sindhupalchowk	NSC	2015.0	5.0	19.0
488	04:44	27.92	86.04	4.2	Sindhupalchowk	NSC	2015.0	5.0	19.0
489	04:34	27.66	86.03	4.3	Dolakha	NSC	2015.0	5.0	19.0
490	11:24	27.69	86.26	4.0	Dolakha	NSC	2015.0	5.0	18.0
491	09:11	27.71	86.07	4.2	Dolakha	NSC	2015.0	5.0	18.0
492	06:27	28.11	84.88	4.1	Dhading	NSC	2015.0	5.0	18.0
493	11:30	27.48	85.87	4.6	Ramechhap	NSC	2015.0	5.0	17.0
494	08:40	27.84	86.24	4.4	Dolakha	NSC	2015.0	5.0	17.0
495	05:00	27.73	86.06	4.4	Dolakha	NSC	2015.0	5.0	17.0
496	09:35	27.45	85.31	4.2	Lalitpur	NSC	2015.0	5.0	16.0
497	09:24	27.7	85.85	4.2	Sindhupalchowk	NSC	2015.0	5.0	16.0
498	08:44	27.64	86.14	4.3	Dolakha	NSC	2015.0	5.0	16.0
499	06:31	28.13	84.89	4.0	Gorkha	NSC	2015.0	5.0	16.0
500	06:11	27.97	85.48	4.0	Nuwakot	NSC	2015.0	5.0	16.0
501	05:19	27.6	86.26	5.5	Dolakha	NSC	2015.0	5.0	16.0
502	04:38	27.66	86.09	4.1	Dolakha	NSC	2015.0	5.0	16.0
503	04:28	27.65	86.12	4.1	Dolakha	NSC	2015.0	5.0	16.0
504	02:15	28.07	84.7	4.0	Gorkha	NSC	2015.0	5.0	16.0
505	10:58	27.74	86.17	4.0	Dolakha	NSC	2015.0	5.0	15.0
506	10:51	27.92	84.84	4.0	Dhading	NSC	2015.0	5.0	15.0
507	07:27	27.93	84.84	5.5	Dhading	NSC	2015.0	5.0	15.0
508	04:06	27.69	86.08	4.3	Dolakha	NSC	2015.0	5.0	15.0
509	03:38	27.63	86.25	4.1	Dolakha	NSC	2015.0	5.0	15.0
510	03:09	27.61	86.2	4.5	Dolakha	NSC	2015.0	5.0	15.0
511	12:16	27.92	86.31	4.3	Dolakha	NSC	2015.0	5.0	14.0
512	09:40	27.84	85.84	4.0	Sindhupalchowk	NSC	2015.0	5.0	14.0
513	09:06	27.83	86.15	4.5	Dolakha	NSC	2015.0	5.0	14.0
514	08:52	27.8	85.82	4.0	Sindupalchok	NSC	2015.0	5.0	14.0
515	08:50	27.71	86.04	4.0	Dolakha	NSC	2015.0	5.0	14.0
516	08:21	28.06	85.35	4.5	Rasuwa	NSC	2015.0	5.0	14.0
517	07:43	27.75	86.14	4.0	Dolakha	NSC	2015.0	5.0	14.0
518	03:23	27.67	86.08	5.0	Dolakha	NSC	2015.0	5.0	14.0
519	03:20	27.62	86.09	4.2	Dolakha	NSC	2015.0	5.0	14.0
520	03:13	27.66	86.07	4.1	Dolakha	NSC	2015.0	5.0	14.0
521	12:38	27.68	86.17	5.1	Dolakha	NSC	2015.0	5.0	13.0
522	12:34	27.84	86.25	4.6	Dolakha	NSC	2015.0	5.0	13.0
523	12:22	27.79	86.07	4.8	Dolakha	NSC	2015.0	5.0	13.0
524	12:11	27.69	86.11	4.7	Sindhupalchok	NSC	2015.0	5.0	13.0
525	10:33	27.79	86.19	4.6	Dolakha	NSC	2015.0	5.0	13.0
526	09:36	27.7	86.15	4.1	Dolakha	NSC	2015.0	5.0	13.0
527	09:21	27.64	85.7	4.0	Kavrepalanchok	NSC	2015.0	5.0	13.0
528	08:28	27.75	86.25	4.4	Dolakha	NSC	2015.0	5.0	13.0
529	08:08	27.65	86.18	4.4	Dolakha	NSC	2015.0	5.0	13.0
530	04:44	27.63	86.17	4.5	Dolakha	NSC	2015.0	5.0	13.0
531	04:38	27.82	86.47	4.3	Dolakha	NSC	2015.0	5.0	13.0
532	03:42	27.85	85.92	4.2	Sindhupalchok	NSC	2015.0	5.0	13.0
533	03:37	27.85	86.29	4.0	Dolakha	NSC	2015.0	5.0	13.0
534	03:10	27.91	84.82	5.9	Dhading	NSC	2015.0	5.0	13.0
535	02:30	27.6	86.16	4.3	Dolakha	NSC	2015.0	5.0	13.0
536	02:07	27.68	85.3	4.2	Kathmandu	NSC	2015.0	5.0	13.0
537	14 PM	27.7	86.01	4.2	Dolakha	NSC	2015.0	5.0	12.0
538	47 PM	27.8	86.12	4.7	Dolakha	NSC	2015.0	5.0	12.0
539	24 PM	27.69	86.21	4.7	Dolakha	NSC	2015.0	5.0	12.0
540	20 PM	27.68	86.23	4.7	Dolakha	NSC	2015.0	5.0	12.0
541	19 PM	27.88	85.94	4.8	Sindhupalchok	NSC	2015.0	5.0	12.0
542	09 PM	27.79	86.11	5.0	Dolakha	NSC	2015.0	5.0	12.0
543	06 PM	27.66	86.17	5.2	Dolakha	NSC	2015.0	5.0	12.0
544	12:07	28.1	84.91	4.0	Dhading	NSC	2015.0	5.0	12.0
545	11:13	27.58	86.41	4.3	Ramechhap	NSC	2015.0	5.0	12.0
546	10:17	27.68	86.04	4.2	Dolakha	NSC	2015.0	5.0	12.0
547	09:13	27.97	86.45	4.8	Tibet	NSC	2015.0	5.0	12.0
548	08:44	28.03	86.36	4.1	Tibet	NSC	2015.0	5.0	12.0
549	07:42	27.84	86.23	4.4	Dolakha	NSC	2015.0	5.0	12.0
550	07:36	27.73	86.21	6.2	Dolakha	NSC/RSC	2015.0	5.0	12.0
551	07:28	27.78	85.85	4.3	Sindhupalchok	NSC	2015.0	5.0	12.0
552	07:05	27.82	86.12	6.8	Dolakha	NSC/RSC	2015.0	5.0	12.0
553	06:53	27.72	85.97	4.0	Dolakha	NSC	2015.0	5.0	12.0
554	06:47	27.89	85.88	4.4	Sindhupalchok	NSC	2015.0	5.0	12.0
555	06:13	27.7	86.04	4.7	Dolakha	NSC	2015.0	5.0	12.0
556	05:43	27.71	86.0	4.3	Dolakha	NSC	2015.0	5.0	12.0
557	05:06	27.72	86.2	4.6	Dolakha	NSC	2015.0	5.0	12.0
558	04:51	27.62	86.16	4.7	Dolakha	NSC	2015.0	5.0	12.0
559	04:26	27.76	86.24	4.4	Dolakha	NSC	2015.0	5.0	12.0
560	04:20	27.73	86.11	5.0	Dolakha	NSC	2015.0	5.0	12.0
561	04:16	27.69	86.05	4.2	Dolakha	NSC	2015.0	5.0	12.0
562	04:00	27.57	86.29	4.8	Ramechhap	NSC	2015.0	5.0	12.0
563	03:49	27.68	86.03	4.4	Dolakha	NSC	2015.0	5.0	12.0
564	03:29	27.8	85.95	4.2	Sindhupalchok	NSC	2015.0	5.0	12.0
565	02:44	27.76	86.31	5.3	Dolakha	NSC	2015.0	5.0	12.0
566	02:08	28.16	84.9	4.1	Gorkha	NSC	2015.0	5.0	12.0
567	01:58	27.8	85.83	5.3	Sindhupalchok	NSC	2015.0	5.0	12.0
568	01:51	27.8	85.94	5.1	Sindhupalchok	NSC	2015.0	5.0	12.0
569	01:46	27.68	86.04	4.3	Dolakha	NSC	2015.0	5.0	12.0
570	01:33	27.63	86.17	4.8	Dolakha	NSC	2015.0	5.0	12.0
571	01:28	27.69	86.24	5.0	Dolakha	NSC	2015.0	5.0	12.0
572	01:02	27.84	86.17	5.8	Dolakha	NSC	2015.0	5.0	12.0
573	11:54	27.91	85.75	4.0	Sindhupalchowk	NSC	2015.0	5.0	11.0
574	08:35	27.99	85.86	4.2	Sindhupalchowk	NSC	2015.0	5.0	11.0
575	11:08	28.02	85.25	4.0	Rasuwa	NSC	2015.0	5.0	10.0
576	06:34	27.88	86.0	4.4	Sindhupalchowk	NSC	2015.0	5.0	10.0
577	03:23	27.65	85.56	4.2	kavre	NSC	2015.0	5.0	10.0
578	02:44	26.94	86.67	4.0	Udayapur	NSC	2015.0	5.0	10.0
579	01:50	28.04	85.96	4.2	Tibet	NSC	2015.0	5.0	10.0
580	03:08	28.04	85.2	4.1	Rasuwa	NSC	2015.0	5.0	9.0
581	08:19	27.75	85.91	4.2	Sindhupalchowk	NSC	2015.0	5.0	8.0
582	06:17	27.69	86.04	5.0	Dolakha	NSC	2015.0	5.0	8.0
583	03:05	28.01	85.41	4.2	Nuwakot	NSC	2015.0	5.0	8.0
584	02:19	27.94	85.58	4.0	Sindhupalchowk	NSC	2015.0	5.0	8.0
585	01:32	27.77	85.88	4.8	Sindhupalchowk	NSC	2015.0	5.0	8.0
586	10:15	27.92	85.46	4.0	Nuwakot	NSC	2015.0	5.0	7.0
587	07:56	27.79	85.16	4.0	Nuwakot	NSC	2015.0	5.0	7.0
588	03:41	27.75	85.19	4.2	Nuwakot	NSC	2015.0	5.0	7.0
589	10:19	28.04	85.26	4.0	Rasuwa	NSC	2015.0	5.0	6.0
590	06:02	28.01	84.68	4.2	Gorkha	NSC	2015.0	5.0	6.0
591	06:39	28.06	85.05	4.0	Dhading	NSC	2015.0	5.0	5.0
592	05:00	27.96	86.0	4.2	Sindhupalchowk	NSC	2015.0	5.0	5.0
593	04:23	27.74	86.03	4.3	Dolakha	NSC	2015.0	5.0	5.0
594	10:36	27.8	85.16	4.1	Nuwakot	NSC	2015.0	5.0	4.0
595	10:33	27.79	85.16	4.0	Nuwakot	NSC	2015.0	5.0	4.0
596	09:54	27.97	85.21	4.2	Nuwakot	NSC	2015.0	5.0	4.0
597	07:00	27.69	85.99	4.3	Dolakha	NSC	2015.0	5.0	4.0
598	06:02	27.74	86.0	4.2	Dolakha	NSC	2015.0	5.0	4.0
599	04:59	27.75	85.87	4.2	Sindhupalchowk	NSC	2015.0	5.0	4.0
600	03:40	27.95	85.86	4.4	Sindhupalchowk	NSC	2015.0	5.0	4.0
601	02:34	27.79	86.23	4.7	Dolakha	NSC	2015.0	5.0	4.0
602	01:17	28.12	84.8	4.0	Gorkha	NSC	2015.0	5.0	4.0
603	29 AM	27.69	85.93	4.5	Sindhupalchowk	NSC	2015.0	5.0	3.0
604	10:46	27.94	84.83	4.5	Dhading	NSC	2015.0	5.0	3.0
605	39 PM	28.05	84.94	4.0	Dhading	NSC	2015.0	5.0	3.0
606	08:27	28.09	85.72	4.2	Sindhupalchowk	NSC	2015.0	5.0	3.0
607	08:00	27.98	84.87	4.1	Dhading	NSC	2015.0	5.0	3.0
608	06:58	27.89	85.73	4.0	Sindhupalchowk	NSC	2015.0	5.0	3.0
609	05:47	28.08	85.04	4.0	Gorkha	NSC	2015.0	5.0	3.0
610	05:20	27.8	85.11	4.9	Nuwakot	NSC	2015.0	5.0	3.0
611	11:20	28.24	84.76	5.1	Gorkha	NSC	2015.0	5.0	2.0
612	11:13	27.72	85.74	4.0	Sindhupalchowk	NSC	2015.0	5.0	2.0
613	09:32	27.93	85.5	4.2	Sindhupalchowk	NSC	2015.0	5.0	2.0
614	09:01	27.66	86.01	4.1	Dolakha	NSC	2015.0	5.0	2.0
615	05:55	27.74	86.28	4.3	Dolakha	NSC	2015.0	5.0	2.0
616	03:55	27.95	85.73	4.2	Sindhupalchowk	NSC	2015.0	5.0	2.0
617	12:58	27.7	85.98	4.2	Dolakha	NSC	2015.0	5.0	1.0
618	11:59	28.04	85.32	4.0	Rasuwa	NSC	2015.0	5.0	1.0
619	11:28	28.04	85.33	4.5	Rasuwa	NSC	2015.0	5.0	1.0
620	10:35	27.75	85.95	4.0	Sindhupalchowk	NSC	2015.0	5.0	1.0
621	08:27	27.88	85.87	4.2	Sindhupalchowk	NSC	2015.0	5.0	1.0
622	05:37	27.74	85.99	4.0	Dolakha	NSC	2015.0	5.0	1.0
623	02:56	27.68	85.3	4.0	Kathmandu	NSC	2015.0	5.0	1.0
624	11:19	27.92	85.87	4.3	Sindhupalchowk	NSC	2015.0	4.0	30.0
625	08:31	28.05	85.34	4.7	Rasuwa	NSC	2015.0	4.0	30.0
626	06:22	27.93	84.83	4.7	Dhading	NSC	2015.0	4.0	30.0
627	01:29	27.65	86.09	4.1	Dolakha	NSC	2015.0	4.0	30.0
628	11:01	28.19	84.8	4.4	Gorkha	NSC	2015.0	4.0	29.0
629	05:54	27.79	85.14	4.2	Nuwakot	NSC	2015.0	4.0	29.0
630	05:12	27.95	85.52	4.5	Sindhupalchowk	NSC	2015.0	4.0	29.0
631	04:49	27.93	85.63	4.0	Sindhupalchowk	NSC	2015.0	4.0	29.0
632	03:24	27.86	84.89	4.5	Dhading	NSC	2015.0	4.0	29.0
633	01:17	28.04	85.37	4.0	Nuwakot	NSC	2015.0	4.0	29.0
634	12:44	28.29	84.93	4.8	Gorkha	NSC	2015.0	4.0	28.0
635	12:08	27.96	85.55	4.0	Sindhupalchowk	NSC	2015.0	4.0	28.0
636	10:07	28.2	84.78	4.0	Gorkha	NSC	2015.0	4.0	28.0
637	08:40	27.76	85.8	4.0	Sindhupalchowk	NSC	2015.0	4.0	28.0
638	07:45	27.81	86.09	4.2	Dolakha	NSC	2015.0	4.0	28.0
639	05:05	28.1	85.49	4.9	Sindhupalchok	NSC	2015.0	4.0	28.0
640	05:03	27.88	85.88	4.2	Sindhupalchowk	NSC	2015.0	4.0	28.0
641	04:44	27.78	85.17	4.0	Nuwakot	NSC	2015.0	4.0	28.0
642	04:11	28.1	84.65	4.2	Gorkha	NSC	2015.0	4.0	28.0
643	03:12	27.89	85.76	4.2	Sindhupalchowk	NSC	2015.0	4.0	28.0
644	03:10	27.83	85.83	4.0	Sindhupalchowk	NSC	2015.0	4.0	28.0
645	02:59	27.92	85.51	4.2	Sindhupalchowk	NSC	2015.0	4.0	28.0
646	37 AM	27.75	85.2	4.1	Kathmandu	NSC	2015.0	4.0	27.0
647	39 AM	28.26	85.1	4.5	Rasuwa	NSC	2015.0	4.0	27.0
648	11:30	28.19	85.03	4.0	Dhading	NSC	2015.0	4.0	27.0
649	10:39	27.82	85.89	4.2	Sindhupalchowk	NSC	2015.0	4.0	27.0
650	10:05	27.93	85.86	4.0	Sindhupalchowk	NSC	2015.0	4.0	27.0
651	09:59	28.24	85.23	4.3	Rasuwa	NSC	2015.0	4.0	27.0
652	09:36	27.67	85.29	4.5	Kathmandu	NSC	2015.0	4.0	27.0
653	08:18	27.67	85.55	4.2	Kavrepalanchowk	NSC	2015.0	4.0	27.0
654	06:24	27.77	85.12	4.7	Nuwakot	NSC	2015.0	4.0	27.0
655	04:27	27.82	85.76	4.4	Sindhupalchowk	NSC	2015.0	4.0	27.0
656	04:17	27.57	85.74	4.5	Kavrepalanchowk	NSC	2015.0	4.0	27.0
657	04:15	27.56	85.73	4.2	Kavrepalanchowk	NSC	2015.0	4.0	27.0
658	03:17	27.8	85.12	4.0	Nuwakot	NSC	2015.0	4.0	27.0
659	15:27	27.77	85.91	4.5	Sindhupalchowk	NSC	2015.0	4.0	26.0
660	14:31	27.97	85.81	4.5	Sindhupalchowk	NSC	2015.0	4.0	26.0
661	12:43	27.71	85.43	4.6	Kathmandu	NSC	2015.0	4.0	26.0
662	12:14	27.94	85.55	4.1	Sindhupalchowk	NSC	2015.0	4.0	26.0
663	11:51	27.91	85.55	4.2	Sindhupalchowk	NSC	2015.0	4.0	26.0
664	10:43	28.26	85.02	4.8	Gorkha	NSC	2015.0	4.0	26.0
665	10:42	27.83	86.06	4.0	Dolakha	NSC	2015.0	4.0	26.0
666	10:35	28.04	85.5	4.5	Sindhupalchowk	NSC	2015.0	4.0	26.0
667	10:10	27.95	85.87	5.3	Sindhupalchowk	NSC	2015.0	4.0	26.0
668	10:08	27.67	85.3	4.0	Kathmandu	NSC	2015.0	4.0	26.0
669	09:47	27.65	85.97	4.0	Dolakha	NSC	2015.0	4.0	26.0
670	09:06	27.64	85.63	5.0	Kavre	NSC	2015.0	4.0	26.0
671	08:55	27.8	85.16	5.1	Nuwakot	NSC	2015.0	4.0	26.0
672	08:43	28.32	84.73	4.5	Gorkha	NSC	2015.0	4.0	26.0
673	08:42	28.31	84.97	4.5	Gorkha	NSC	2015.0	4.0	26.0
674	08:29	27.72	85.97	4.5	Sindhupalchowk	NSC	2015.0	4.0	26.0
675	08:17	27.79	85.15	4.0	Nuwakot	NSC	2015.0	4.0	26.0
676	07:09	27.84	86.05	6.9	Dolakha	NSC	2015.0	4.0	26.0
677	07:08	27.68	85.95	4.0	Dolakha	NSC	2015.0	4.0	26.0
678	06:56	27.89	85.6	5.0	Sindhupalchowk	NSC	2015.0	4.0	26.0
679	06:16	27.84	85.12	4.0	Nuwakot	NSC	2015.0	4.0	26.0
680	06:00	27.67	85.28	4.0	Kathmandu	NSC	2015.0	4.0	26.0
681	05:32	28.05	85.34	4.0	Rasuwa	NSC	2015.0	4.0	26.0
682	05:26	27.67	86.07	4.5	Dolakha	NSC	2015.0	4.0	26.0
683	05:25	27.69	85.25	4.0	Kathmandu	NSC	2015.0	4.0	26.0
684	05:01	27.99	85.02	5.5	Nuwakot	NSC	2015.0	4.0	26.0
685	02:52	27.82	85.8	4.8	Sindhupalchowk	NSC	2015.0	4.0	26.0
686	02:49	27.98	84.99	4.0	Gorkha	NSC	2015.0	4.0	26.0
687	02:25	27.79	86.0	4.8	Sindhupalchowk	NSC	2015.0	4.0	26.0
688	02:17	27.6	85.96	4.8	Sindhupalchowk	NSC	2015.0	4.0	26.0
689	02:14	28.24	84.82	4.3	Gorkha	NSC	2015.0	4.0	26.0
690	02:08	28.25	85.83	4.0	Rasuwa	NSC	2015.0	4.0	26.0
691	01:56	27.93	85.56	4.4	Sindhupalchowk	NSC	2015.0	4.0	26.0
692	01:52	28.14	84.71	4.2	Gorkha	NSC	2015.0	4.0	26.0
693	01:49	28.05	85.35	4.0	Rasuwa	NSC	2015.0	4.0	26.0
694	01:29	27.93	85.56	4.1	Sindhupalchowk	NSC	2015.0	4.0	26.0
695	01:22	27.94	86.05	5.0	Tibet	NSC	2015.0	4.0	26.0
696	01:12	27.75	85.94	5.3	Sindhupalchowk	NSC	2015.0	4.0	26.0
697	08 PM	27.87	85.8	4.1	Sindhupalchowk	NSC/RSC	2015.0	4.0	25.0
698	28 PM	28.29	85.16	4.6	Rasuwa	NSC/RSC	2015.0	4.0	25.0
699	23:46	27.78	85.98	4.1	Sindhupalchowk	NSC	2015.0	4.0	25.0
700	23:40	28.1	85.27	4.0	Rasuwa	NSC	2015.0	4.0	25.0
701	23:27	28.34	85.91	5.6	Tibet	NSC	2015.0	4.0	25.0
702	23:25	27.78	85.17	4.0	Nuwakot	NSC	2015.0	4.0	25.0
703	23:24	27.9	85.53	4.0	Sindhupalchowk	NSC	2015.0	4.0	25.0
704	23:19	27.77	85.83	4.1	Sindhupalchowk	NSC	2015.0	4.0	25.0
705	22:31	27.8	85.29	4.0	Nuwakot	NSC	2015.0	4.0	25.0
706	22:12	27.92	85.64	5.3	Sindhupalchowk	NSC	2015.0	4.0	25.0
707	21:02	27.95	85.56	4.2	Sindhupalchowk	NSC	2015.0	4.0	25.0
708	20:36	28.14	85.16	4.4	Rasuwa	NSC	2015.0	4.0	25.0
709	20:25	27.73	85.9	5.0	Sindhupalchowk	NSC	2015.0	4.0	25.0
710	20:08	28.05	85.25	4.1	Rasuwa	NSC	2015.0	4.0	25.0
711	19:55	27.73	85.9	4.7	Sindhupalchowk	NSC	2015.0	4.0	25.0
712	19:47	27.68	85.32	4.1	Kathmandu	NSC	2015.0	4.0	25.0
713	13:53	27.79	85.16	4.1	Nuwakot	NSC/RSC	2015.0	4.0	25.0
714	13:30	28.1	85.2	4.7	Rasuwa	NSC/RSC	2015.0	4.0	25.0
715	12:44	28.16	84.71	5.5	Gorkha	NSC/RSC	2015.0	4.0	25.0
716	12:39	27.82	86.05	4.5	Dolakha	NSC	2015.0	4.0	25.0
717	12:17	28.0	85.4	4.9	Nuwakot	NSC/RSC	2015.0	4.0	25.0
718	11:41	28.14	85.28	4.1	Rasuwa	NSC/RSC	2015.0	4.0	25.0
719	11:05	27.91	85.5	4.6	Sindhupalchowk	NSC/RSC	2015.0	4.0	25.0
720	10:40	27.86	85.85	4.0	Sindhupalchowk	NSC/RSC	2015.0	4.0	25.0
721	10:23	27.87	85.8	4.1	Sindhupalchowk	NSC	2015.0	4.0	25.0
722	09:43	28.29	85.16	4.6	Rasuwa	NSC	2015.0	4.0	25.0
723	09:30	28.0	85.6	5.5	Sindhupalchowk	NSC/RSC	2015.0	4.0	25.0
724	09:03	27.91	85.33	5.3	Nuwakot	NSC/RSC	2015.0	4.0	25.0
725	08:55	27.65	85.63	5.7	Kabre	NSC/RSC	2015.0	4.0	25.0
726	08:29	28.18	84.95	5.2	Gorkha	NSC/RSC	2015.0	4.0	25.0
727	08:21	27.6	86.09	4.5	Dolakha	NSC	2015.0	4.0	25.0
728	08:20	27.9	84.86	5.1	Dhading	NSC/RSC	2015.0	4.0	25.0
729	08:17	27.78	85.84	5.2	Sindhupalchowk	NSC/RSC	2015.0	4.0	25.0
730	07:47	27.99	85.71	5.1	Tibet	NSC	2015.0	4.0	25.0
731	07:21	27.69	86.02	4.9	Dolakha	NSC	2015.0	4.0	25.0
732	07:08	28.2	85.75	5.3	Rasuwa	NSC/RSC	2015.0	4.0	25.0
733	06:56	28.13	85.65	5.7	Rasuwa	NSC/RSC	2015.0	4.0	25.0
734	06:45	28.28	84.72	6.6	Gorkha	NSC/RSC	2015.0	4.0	25.0
735	06:38	28.41	85.8	5.5	Tibet	NSC	2015.0	4.0	25.0
736	06:11	28.24	84.75	7.6	Gorkha	NSC/RSC	2015.0	4.0	25.0
737	01:57	28.4	83.99	4.1	Kaski	NSC	2015.0	4.0	23.0
738	07:14	28.8	81.92	4.5	Jajarkot	NSC	2015.0	4.0	22.0
739	19:52	28.85	82.18	5.1	Jajarkot	NSC	2015.0	4.0	21.0
740	22:51	27.42	87.01	4.5	Bhojpur	NSC	2015.0	2.0	14.0
741	19:44	28.29	83.73	5.5	Kaski	NSC	2015.0	1.0	31.0
742	09:27	29.36	81.03	4.4	Doti	RSC	2015.0	1.0	22.0
743	01:26	29.07	81.51	4.5	Dailekh	NSC	2015.0	1.0	6.0
744	15:32	27.73	86.52	5.9	Solukhumbu	NSC	2014.0	12.0	18.0
745	15:49	28.25	84.94	4.5	Gorkha	NSC	2014.0	11.0	25.0
746	10:29	27.76	88.05	4.5	Taplejung	NSC	2014.0	9.0	17.0
747	17:57	29.45	85.64	5.9	Tibet	N?A	2014.0	8.0	3.0
748	16:37	29.73	80.93	4.2	Bajhang-Darchula border	NSC	2014.0	7.0	7.0
749	05:58	27.83	87.91	4.6	Taplejung	NSC	2014.0	7.0	4.0
750	02:46	28.23	84.09	4.1	Kaski	NSC	2014.0	5.0	25.0
751	18:36	28.32	84.73	4.3	Gorkha	NSC	2014.0	5.0	20.0
752	07:14	27.3	87.62	4.0	Taplejung	NSC	2014.0	4.0	23.0
753	17:22	29.29	81.26	4.2	Achham	NSC	2014.0	4.0	11.0
754	07:51	30.11	81.93	4.4	Humla	NSC	2014.0	3.0	31.0
755	06:47	29.56	81.68	4.3	Bajura	NSC	2013.0	11.0	3.0
756	01:37	27.36	87.37	4.3	Sankhuwasava	NSC	2013.0	10.0	28.0
757	21:43	30.08	81.74	4.5	Humla	NSC	2013.0	10.0	13.0
758	06:12	27.14	88.51	5.7	Sikkim	N/A	2013.0	10.0	3.0
759	14:35	30.25	81.55	4.4	Humla	NSC	2013.0	9.0	22.0
760	04:29	26.96	87.34	4.5	Dhankuta	NSC	2013.0	9.0	12.0
761	17:48	28.43	86.03	6.0	Tibet	N/A	2013.0	8.0	30.0
762	11:40	28.76	82.4	5.5	Rukum	NSC/RSC	2013.0	6.0	28.0
763	06:20	30.05	80.8	4.4	Darchula	NSC/RSC	2013.0	6.0	27.0
764	22:22	26.85	85.96	4.4	Dhanusha	NSC/RSC	2013.0	6.0	26.0
765	16:11	27.31	86.7	4.2	Northern Khotang	NSC	2013.0	6.0	9.0
766	06:04	29.74	81.6	4.5	Northern Bajura	NSC/RSC	2013.0	5.0	31.0
767	17:38	27.72	85.91	4.2	Sindhupalchok	NSC	2013.0	5.0	26.0
768	09:59	29.65	81.98	4.5	Western Mugu	NSC/RSC	2013.0	5.0	14.0
769	03:18	29.68	82.0	4.4	Mugu	NSC	2013.0	5.0	14.0
770	03:13	29.56	82.0	4.3	Mugu	NSC	2013.0	5.0	14.0
771	18:28	29.87	81.26	4.9	Northern Bajhang	NSC	2013.0	4.0	28.0
772	11:59	26.74	86.08	4.2	Dhanusha	NSC	2013.0	3.0	17.0
773	16:49	28.57	82.27	5.4	Rukum	NSC	2013.0	3.0	6.0
774	02:41	28.39	83.18	4.1	Baglung	NSC	2013.0	2.0	22.0
775	01:08	29.42	81.05	4.0	Bajhang	NSC	2013.0	2.0	7.0
776	20:59	29.48	81.26	4.5	Bajhang	NSC	2013.0	1.0	18.0
777	17:35	26.84	86.22	4.0	Siraha	NSC	2013.0	1.0	13.0
778	07:44	29.82	81.7	5.5	Northern part of Bajura	NSC/RSC	2013.0	1.0	9.0
779	17:42	29.41	81.0	4.7	Bajhang and Doti border	NSC/RSC	2013.0	1.0	2.0
780	06:05	28.27	82.84	4.5	Rolpa and Pyuthan border	NSC	2012.0	12.0	22.0
781	03:01	28.88	82.34	4.0	North East Jajarkot	NSC	2012.0	12.0	4.0
782	12:42	29.55	81.31	4.5	Bajhang	NSC	2012.0	11.0	12.0
783	18:39	29.51	81.13	5.6	Southern Bajhang	NSC/RSC	2012.0	11.0	11.0
784	06:56	27.95	87.86	4.5	Around Kanchanjunga	NSC	2012.0	10.0	22.0
785	09:45	28.59	82.41	4.4	Southern Rukum	NSC/RSC	2012.0	9.0	17.0
786	14:11	28.61	82.43	4.5	Southern Rukum	NSC/RSC	2012.0	8.0	30.0
787	19:54	28.4	82.79	4.3	Northern Rolpa	NSC/RSC	2012.0	8.0	29.0
788	08:31	28.73	81.81	4.4	Southeastern Dailekh	NSC/RSC	2012.0	8.0	28.0
789	12:17	28.38	82.66	4.4	Rolpa	NSC/RSC	2012.0	8.0	24.0
790	03:55	28.42	82.75	5.2	Rolpa-Rukum border region	NSC/RSC	2012.0	8.0	24.0
791	16:42	28.39	82.73	4.4	Rolpa	NSC/RSC	2012.0	8.0	23.0
792	16:30	28.38	82.84	5.6	Rolpa - Rukum border region	NSC/RSC	2012.0	8.0	23.0
793	01:53	27.77	88.13	4.2	Northern Taplejung	NSC	2012.0	8.0	6.0
794	12:05	28.55	82.37	4.2	Southern Rukum	NSC/RSC	2012.0	7.0	31.0
795	11:58	28.53	82.42	4.8	Southern Rukum	NSC/RSC	2012.0	7.0	31.0
796	11:50	28.58	82.48	5.0	Southern Rukum	NSC/RSC	2012.0	7.0	31.0
797	05:48	30.12	80.54	5.0	India (close to Darchula)	NSC/RSC	2012.0	7.0	28.0
798	17:23	29.43	81.03	4.9	Southern Bajhang	NSC	2012.0	7.0	11.0
799	07:54	27.27	88.05	4.0	Panchthar - Sikkim border	NSC	2012.0	7.0	1.0
800	16:15	28.99	81.58	4.2	Dailekh	NSC	2012.0	6.0	15.0
801	04:35	27.25	88.0	4.5	Panchthar - Sikkim border	NSC	2012.0	6.0	11.0
802	07:54	28.32	84.17	5.1	Kaski	NSC	2012.0	6.0	9.0
803	09:34	27.31	87.88	4.2	Taplejung	NSC	2012.0	5.0	30.0
804	23:13	28.5	82.06	4.2	Salyan	NSC/RSC	2012.0	4.0	17.0
805	02:52	29.55	81.24	4.3	Bajhang	NSC/RSC	2012.0	4.0	11.0
806	23:40	26.12	87.87	5.2	Jhapa-India Border Region	NSC	2012.0	3.0	27.0
807	20:36	28.7	82.02	4.7	Karkigaun-Jajarkot	N/A	2012.0	3.0	19.0
808	23:08	29.86	81.05	4.9	Bajhang-Darchula border	NSC	2012.0	2.0	26.0
809	22:56	29.71	81.02	4.4	Bajhang-Darchula border	NSC	2012.0	2.0	26.0
810	13:48	27.33	88.03	4.4	Taplejung	NSC	2012.0	2.0	14.0
811	13:41	27.38	88.11	4.5	Taplejung-Sikkim Border	NSC	2012.0	2.0	14.0
812	20:06	27.25	88.07	4.0	Panchthar	N/A	2012.0	2.0	5.0
813	04:07	26.84	86.43	4.0	Siraha	NSC	2012.0	1.0	24.0
814	00:46	29.73	81.91	4.6	Humla	NSC	2012.0	1.0	19.0
815	11:16	26.63	86.4	4.5	Siraha	NSC	2012.0	1.0	18.0
816	08:59	28.89	81.89	4.2	Dailekh	NSC	2012.0	1.0	11.0
817	02:10	29.62	81.53	4.0	Bajura	NSC	2011.0	12.0	30.0
818	21:35	27.73	88.16	4.6	Taplejung	NSC	2011.0	12.0	18.0
819	20:20	27.72	88.09	4.9	Taplejung	NSC	2011.0	12.0	14.0
820	22:57	27.83	88.13	4.2	Taplejung	NSC	2011.0	12.0	9.0
821	17:40	27.97	82.86	4.0	Pyuthan	NSC	2011.0	12.0	8.0
822	05:17	28.05	85.34	4.2	Rasuwa	NSC	2011.0	12.0	2.0
823	00:26	28.91	81.68	4.2	Dailekh	NSC	2011.0	11.0	23.0
824	00:06	27.7	86.1	4.0	Dolakha	NSC	2011.0	11.0	19.0
825	23:46	28.2	84.93	5.2	Gorkha	NSC	2011.0	11.0	13.0
826	18:07	27.94	85.55	4.1	Sindhupalchowk	NSC	2011.0	11.0	8.0
827	16:49	28.34	83.66	4.0	Parbat	NSC	2011.0	11.0	4.0
828	11:29	29.55	81.68	4.2	Bajura	NSC	2011.0	10.0	2.0
829	C:N/A	30.16	81.81	4.7	Humla	NSC	2011.0	10.0	1.0
830	C:N/A	27.78	88.32	6.8	Taplejung-Sikkim Border	NSC	2011.0	9.0	18.0
831	C:N/A	26.94	86.6	5.0	Udayapur	NSC	2011.0	8.0	27.0
832	C:N/A	28.15	82.53	4.4	Rolpa	NSC	2011.0	8.0	25.0
833	C:N/A	28.29	83.96	4.0	Kaski	NSC	2011.0	8.0	22.0
834	C:N/A	29.7	81.34	4.9	Bajhang	NSC	2011.0	8.0	19.0
835	C:N/A	28.21	84.31	4.0	Lamjung	NSC	2011.0	8.0	18.0
836	C:N/A	27.44	86.27	5.0	Ramechhap	NSC	2011.0	8.0	15.0
837	C:N/A	29.9	81.31	4.3	Bajhang	NSC	2011.0	8.0	9.0
838	C:N/A	27.35	86.35	4.0	Khotang	NSC	2011.0	8.0	2.0
839	C:N/A	27.19	86.76	4.2	Khotang	NSC	2011.0	7.0	29.0
840	C:N/A	27.28	87.3	4.5	Sankhuwasabha	NSC	2011.0	7.0	15.0
841	C:N/A	27.83	87.35	4.3	Sankhuwasabha	NSC	2011.0	6.0	18.0
842	C:N/A	30.24	81.48	4.2	Humla	NSC	2011.0	6.0	17.0
843	11:41	28.4	82.55	4.1	Rolpa	NSC	2011.0	6.0	11.0
844	04:42	28.41	82.66	4.2	Rolpa	NSC	2011.0	6.0	11.0
845	00:53	27.6	88.03	5.2	Taplejung	NSC	2011.0	6.0	3.0
846	C:N/A	27.93	85.61	4.1	Sindhupalchowk	NSC	2011.0	4.0	7.0
847	C:N/A	29.74	80.37	4.1	Darchula	NSC	2011.0	4.0	5.0
848	C:N/A	29.92	80.54	5.7	Darchula	NSC	2011.0	4.0	4.0
849	13:42	30.0	80.81	4.3	Darchula	NSC	2011.0	4.0	4.0
850	C:N/A	28.35	83.96	4.0	Kaski	NSC	2011.0	3.0	22.0
851	05:10	28.11	82.74	4.2	Pyuthan	NSC	2011.0	3.0	22.0
852	00:06	28.31	83.78	4.4	Kaski	NSC	2011.0	3.0	12.0
853	16:58	28.31	83.8	4.3	Kaski	NSC	2011.0	3.0	11.0
854	16:49	28.02	85.24	4.3	Rasuwa	NSC	2011.0	3.0	10.0
855	00:00	27.57	87.01	4.2	Sankhuwasabha	NSC	2011.0	2.0	22.0
856	C:N/A	27.47	87.01	4.7	Bhojpur-Sankhuwasabha border	NSC	2011.0	2.0	13.0
857	C:N/A	27.8	85.94	4.3	Sindhupalchowk	NSC	2011.0	1.0	18.0
858	C:N/A	30.03	81.97	4.1	Humla	NSC	2011.0	1.0	18.0
859	C:N/A	28.18	84.79	4.1	Gorkha	NSC	2010.0	12.0	18.0
860	C:N/A	29.57	81.699	4.2	Bajura	NSC	2010.0	12.0	5.0
861	C:N/A	26.93	85.79	4.4	Mahottari	NSC	2010.0	11.0	30.0
862	C:N/A	28.38	82.32	4.5	Salyan	NSC	2010.0	11.0	25.0
863	C:N/A	28.44	83.17	4.7	Baglung	NSC	2010.0	11.0	25.0
864	C:N/A	28.64	85.71	5.0	Tibet	NSC	2010.0	10.0	17.0
865	C:N/A	28.23	84.37	4.0	Lamjung	NSC	2010.0	9.0	1.0
866	C:N/A	29.4	81.38	4.5	Bajura	NSC	2010.0	6.0	13.0
867	C:N/A	28.01	86.77	4.0	Solukhumbu	NSC	2010.0	6.0	13.0
868	14:31	29.6	81.65	5.4	Bajura	NSC	2010.0	6.0	13.0
869	C:N/A	28.3	84.51	4.2	Lamjung	NSC	2010.0	5.0	13.0
870	00:10	27.75	86.36	4.0	Dolakha	NSC	2010.0	4.0	30.0
871	06:19	28.31	83.09	4.2	Baglung	NSC	2010.0	4.0	14.0
872	14:08	29.37	81.34	4.5	Bajura	NSC	2010.0	4.0	13.0
873	02:53	29.76	81.55	4.3	Bajura	NSC	2010.0	3.0	1.0
874	C:N/A	28.4	81.52	4.1	Baglung	NSC	2010.0	2.0	28.0
875	14:06	29.78	81.51	4.7	Bajhang	NSC	2010.0	2.0	25.0
876	C:N/A	26.79	86.08	4.1	Dhanusa	NSC	2010.0	2.0	17.0
877	C:N/A	28.37	83.97	4.1	Kaski	NSC	2010.0	1.0	18.0
878	C:N/A	29.6	81.51	4.6	Bajura	NSC	2009.0	12.0	16.0
879	C:N/A	28.28	84.4	4.1	Lamjung	NSC	2009.0	12.0	15.0
880	C:N/A	29.02	82.15	4.5	Jajarkot	NSC	2009.0	11.0	22.0
881	C:N/A	30.11	81.91	4.3	Humla	NSC	2009.0	11.0	8.0
882	C:N/A	27.87	87.94	4.0	Taplejung	NSC	2009.0	11.0	2.0
883	C:N/A	30.1	81.81	4.5	Humla	NSC	2009.0	11.0	1.0
884	C:N/A	28.73	83.11	4.1	Rukum	NSC	2009.0	10.0	29.0
885	C:N/A	29.81	82.05	4.3	Humla	NSC	2009.0	9.0	26.0
886	C:N/A	28.12	85.18	4.0	Rasuwa	NSC	2009.0	8.0	2.0
887	C:N/A	27.71	86.36	4.3	Dolakha	NSC	2009.0	7.0	12.0
888	C:N/A	27.43	87.35	4.2	Sankhuwasava	NSC	2009.0	5.0	14.0
889	C:N/A	27.48	87.36	4.6	Sankhuwasava	NSC	2009.0	5.0	14.0
890	C:N/A	28.25	84.54	4.3	Lamjung	NSC	2009.0	4.0	13.0
891	C:N/A	28.3	84.55	4.0	Lamjung	NSC	2009.0	4.0	13.0
892	C:N/A	28.43	84.42	4.1	Lamjung	NSC	2009.0	3.0	12.0
893	C:N/A	27.41	87.8	4.5	Taplejung	NSC	2009.0	3.0	8.0
894	C:N/A	29.05	81.4	4.2	Achham	NSC	2009.0	1.0	23.0
895	C:N/A	27.9	88.04	4.2	Taplejung	NSC	2009.0	1.0	10.0
896	C:N/A	30.13	82.03	4.0	Humla	NSC	2008.0	12.0	29.0
897	C:N/A	30.09	81.9	4.5	Humla	NSC	2008.0	12.0	26.0
898	C:N/A	28.19	84.39	4.4	Lamjung	NSC	2008.0	12.0	23.0
899	C:N/A	30.1	81.91	4.4	Humla	NSC	2008.0	12.0	19.0
900	C:N/A	30.15	81.86	6.0	Humla	NSC	2008.0	12.0	8.0
901	C:N/A	27.32	87.99	5.4	Taplejung	NSC	2008.0	12.0	2.0
902	C:N/A	27.3	88.03	4.0	Taplejung	NSC	2008.0	12.0	2.0
903	C:N/A	27.3	87.99	4.0	Taplejung	NSC	2008.0	12.0	2.0
904	C:N/A	27.29	87.92	4.3	Taplejung	NSC	2008.0	12.0	2.0
905	C:N/A	27.34	87.92	4.1	Taplejung	NSC	2008.0	12.0	2.0
906	C:N/A	28.18	85.29	4.8	Rasuwa	NSC	2008.0	12.0	1.0
907	C:N/A	27.47	87.71	4.5	Taplejung	NSC	2008.0	10.0	7.0
908	C:N/A	28.4	83.01	4.1	Baglung	NSC	2008.0	9.0	10.0
909	C:N/A	28.18	85.29	4.4	Bajura	NSC	2008.0	8.0	2.0
910	C:N/A	27.98	85.73	4.8	Sindhupalchowk	NSC	2008.0	6.0	20.0
911	C:N/A	29.73	80.96	5.0	Darchula	NSC	2008.0	6.0	15.0
912	22:24	27.8	85.91	4.1	Sindhupalchowk	NSC	2008.0	6.0	2.0
913	19:10	28.33	83.33	4.3	Baglung	NSC	2008.0	5.0	20.0
914	15:35	27.5	87.52	4.2	Taplejung	NSC	2008.0	5.0	8.0
915	18:55	29.76	81.53	4.6	Bajhang-Bajura border	NSC	2008.0	3.0	17.0
916	00:00	29.67	81.76	4.4	Humla	NSC	2008.0	3.0	2.0
917	02:49	26.79	86.25	4.2	Siraha	NSC	2008.0	2.0	16.0
918	23:13	27.8	88.15	4.1	Taplejung	NSC	2008.0	2.0	14.0
919	13:37	27.37	86.53	4.1	Okhaldhunga	NSC	2008.0	1.0	15.0
920	18:18	28.05	85.28	4.1	Rasuwa	NSC	2007.0	12.0	1.0
921	C:N/A	28.2	84.45	4.5	Lamjung	NSC	2007.0	11.0	5.0
922	C:N/A	27.9	85.45	5.0	Nuwakot	NSC	2007.0	10.0	29.0
923	C:N/A	27.75	86.12	4.0	Dolakha	NSC	2007.0	10.0	12.0
924	C:N/A	28.05	85.33	4.2	Rasuwa	NSC	2007.0	9.0	7.0
925	C:N/A	27.72	86.26	4.1	Dolakha	NSC	2007.0	9.0	7.0
926	C:N/A	27.28	87.9	5.2	Taplejung	NSC	2007.0	8.0	11.0
927	C:N/A	27.84	85.69	4.1	Sindhupalchowk	NSC	2007.0	8.0	6.0
928	C:N/A	27.21	87.97	4.4	Panchthar	NSC	2007.0	8.0	3.0
929	C:N/A	27.24	87.02	4.0	Bhojpur	NSC	2007.0	8.0	3.0
930	C:N/A	27.2	87.04	4.3	Bhojpur	NSC	2007.0	8.0	3.0
931	C:N/A	27.24	87.03	4.5	Bhojpur	NSC	2007.0	8.0	3.0
932	C:N/A	29.49	81.91	4.6	Mugu	NSC	2007.0	8.0	1.0
933	C:N/A	27.27	87.02	4.1	Bhojpur	NSC	2007.0	7.0	30.0
934	C:N/A	28.08	85.3	4.0	Rasuwa	NSC	2007.0	7.0	7.0
935	C:N/A	27.83	84.91	4.3	Dhading	NSC	2007.0	6.0	17.0
936	C:N/A	27.44	83.89	4.2	Nepal-India Border	NSC	2007.0	6.0	4.0
937	04:17	27.5	88.08	4.6	Nepal-India Border	NSC	2007.0	5.0	16.0
938	C:N/A	29.47	81.73	4.5	Bajhang	NSC	2007.0	3.0	10.0
939	09:09	29.83	81.48	5.2	Bajhang	NSC	2007.0	2.0	15.0
940	20:10	28.35	83.43	4.2	Myagdi	NSC	2007.0	2.0	6.0
941	20:08	28.35	83.42	4.1	Myagdi	NSC	2007.0	2.0	6.0
942	07:57	29.99	81.05	4.1	Bajhang	NSC	2007.0	2.0	5.0
943	15:44	27.21	87.63	4.2	Tehrathum	NSC	2006.0	11.0	11.0
944	C:N/A	30.1	80.83	4.5	Darchula	NSC	2006.0	9.0	26.0
945	C:N/A	29.62	81.54	5.0	Bajura	NSC	2006.0	9.0	19.0
946	C:N/A	26.98	87.8	4.2	Illam	NSC	2006.0	9.0	17.0
947	C:N/A	29.05	83.6	4.3	Mustang	NSC	2006.0	8.0	30.0
948	C:N/A	27.89	85.7	4.3	Sindhupalchowk	NSC	2006.0	8.0	15.0
949	C:N/A	29.43	81.26	4.8	Bajhang	NSC	2006.0	5.0	5.0
950	C:N/A	27.91	85.83	4.6	Sindhupalchowk	NSC	2006.0	4.0	4.0
951	C:N/A	28.24	83.89	4.7	Baglung	NSC	2006.0	2.0	19.0
952	C:N/A	27.18	86.8	5.4	Khotang	NSC	2006.0	2.0	3.0
953	C:N/A	29.61	82.02	5.1	Mugu	NSC	2005.0	11.0	6.0
954	21:47	28.65	84.83	4.7	Gorkha	NSC	2005.0	10.0	31.0
955	05:51	29.59	82.2	5.4	Mugu	NSC	2005.0	10.0	31.0
956	23:32	29.45	81.94	5.3	Mugu	NSC	2005.0	10.0	29.0
957	13:14	27.31	87.22	5.5	Sankhuwasava	NSC	2005.0	8.0	28.0
958	23:53	27.98	85.51	4.2	Sindhupalchowk	NSC	2005.0	8.0	8.0
959	02:06	27.42	86.83	4.3	Solukhumbu	NSC	2005.0	7.0	27.0
960	C:N/A	27.28	87.89	4.5	Tibet	NSC	2005.0	6.0	14.0
961	C:N/A	27.69	87.7	4.1	Taplejung	NSC	2005.0	5.0	5.0
962	C:N/A	27.92	85.71	4.1	Sindhupalchowk	NSC	2005.0	4.0	15.0
963	C:N/A	29.35	81.88	4.2	Kalikot	NSC	2005.0	4.0	7.0
964	C:N/A	28.54	83.31	4.1	Myagdi	NSC	2005.0	4.0	4.0
965	C:N/A	28.56	83.18	4.1	Myagdi	NSC	2005.0	4.0	4.0
966	C:N/A	28.15	84.37	4.0	Lamjung	NSC	2005.0	3.0	29.0
967	C:N/A	28.04	84.74	4.0	Gorkha	NSC	2005.0	3.0	29.0
968	C:N/A	28.14	84.8	4.1	Gorkha	NSC	2005.0	3.0	29.0
969	C:N/A	28.11	84.77	4.4	Gorkha	NSC	2005.0	3.0	29.0
970	C:N/A	28.25	84.39	5.4	Lamjung	NSC	2005.0	3.0	19.0
971	C:N/A	28.27	84.39	5.0	Lamjung	NSC	2005.0	3.0	5.0
972	01:51	27.76	86.07	5.1	Dolakha	NSC	2005.0	2.0	8.0
973	C:N/A	29.81	81.04	4.5	Bajhang	NSC	2005.0	1.0	16.0
974	08:43	29.68	81.14	5.0	Bajhang	NSC	2005.0	1.0	16.0
975	21:21	27.76	86.2	4.2	Nagpa, Dolakaha	NSC	2004.0	12.0	27.0
976	C:N/A	29.9	81.63	4.3	Sain, Bajura	NSC	2004.0	12.0	26.0
977	10:39	28.26	84.67	4.1	Kharibot, Lamjung	NSC	2004.0	11.0	17.0
978	10:50	28.76	82.93	4.4	RahalGaun/Rukum	NSC	2004.0	11.0	9.0
979	10:25	26.82	86.55	4.1	Simle, Udayapur	NSC	2004.0	10.0	5.0
980	08:48	29.5	81.84	4.3	Shirkot, Mugu	NSC	2004.0	9.0	12.0
981	22:39	27.87	85.93	4.1	Listikot, Sindhupalchowk	NSC	2004.0	9.0	2.0
982	17:19	28.03	85.24	4.1	Kaseri, Rasuwa	NSC	2004.0	8.0	22.0
983	03:35	27.96	85.88	4.5	Listikot, Sindhupalchok	NSC	2004.0	7.0	20.0
984	C:N/A	28.32	84.06	4.6	Ghalegaun, Kaski	NSC	2004.0	7.0	16.0
985	C:N/A	28.58	89.97	4.3	Niseldhar, Baglung	NSC	2004.0	5.0	29.0
986	C:N/A	28.55	82.96	4.9	Niseldhar, Baglung	NSC	2004.0	5.0	29.0
987	C:N/A	28.59	82.98	4.3	Niseldhar, Baglung	NSC	2004.0	5.0	29.0
988	C:N/A	27.18	87.63	4.6	Isabun,Terathum	NSC	2004.0	3.0	31.0
989	C:N/A	27.67	87.82	4.1	Amjilesa, Taplejung	NSC	2004.0	3.0	17.0
990	C:N/A	27.61	87.8	4.7	Amjilesa, Taplejung	NSC	2004.0	2.0	18.0
991	C:N/A	29.67	80.88	4.3	Brahmajali, Bhajhang	NSC	2004.0	2.0	14.0
992	C:N/A	29.32	81.53	4.1	Tolideval, Bajura	NSC	2004.0	2.0	2.0
993	C:N/A	28.07	85.0	4.0	Darkha, Dhading	NSC	2004.0	1.0	7.0
994	13:40	27.77	86.05	4.1	Listikot, Sindhupalchok	NSC	2004.0	1.0	3.0
995	13:14	27.76	86.07	5.5	Listikot, Sindhupalchok	NSC	2004.0	1.0	3.0
996	C:N/A	27.06	87.97	4.2	Illam	NSC	2003.0	12.0	19.0
997	C:N/A	29.85	80.54	4.1	Darchula	NSC	2003.0	12.0	11.0
998	17:53	28.4	83.93	4.0	Kaski	NSC	2003.0	12.0	5.0
999	C:N/A	28.41	83.97	3.6	Kaski	NSC	2003.0	11.0	23.0
1000	C:N/A	28.3	83.88	4.4	Kaski	NSC	2003.0	11.0	23.0
1001	09:15	28.45	83.94	4.5	Kaski	NSC	2003.0	11.0	23.0
1002	05:07	28.44	83.9	5.0	Kaski	NSC	2003.0	11.0	22.0
1003	12:19	27.78	86.16	4.1	Dolakha	NSC	2003.0	11.0	5.0
1004	07:59	27.26	86.69	4.0	Khotang	NSC	2003.0	10.0	29.0
1005	03:40	27.52	87.85	4.6	Taplejung	NSC	2003.0	9.0	29.0
1006	00:45	29.0	81.95	4.3	Dailekh	NSC	2003.0	9.0	24.0
1007	C:N/A	27.99	86.03	4.2	Sidhupalchowk	NSC	2003.0	8.0	5.0
1008	C:N/A	29.51	82.1	4.4	Mugu	NSC	2003.0	8.0	2.0
1009	C:N/A	28.75	82.52	4.5	Did You feel it ?	Rukum	2003.0	7.0	28.0
1014	23:27	29.64	81.52	4.7	Bajura	RSC	2002.0	11.0	20.0
1015	18:59	28.28	83.94	4.0	Kaski	NSC	2002.0	10.0	11.0
1016	13:48	28.18	83.9	4.1	Kaski	NSC	2002.0	10.0	9.0
1017	14:37	28.98	80.74	4.1	Kailali	NSC	2002.0	9.0	9.0
1018	08:09	26.97	86.4	4.1	Udayapur	NSC	2002.0	8.0	11.0
1019	C:N/A	27.75	87.36	4.3	Sankhuwasava	NSC	2002.0	7.0	16.0
1020	C:N/A	27.17	84.82	4.1	Parsa	NSC	2002.0	7.0	2.0
1021	C:N/A	25.63	88.38	5.5	Bangladesh	NSC	2002.0	6.0	20.0
1022	C:N/A	28.23	84.86	4.0	Dhading	NSC	2002.0	6.0	13.0
1023	C:N/A	28.77	81.12	4.0	Kailali	RSC	2002.0	6.0	7.0
1024	C:N/A	28.86	80.75	4.0	Kailali	RSC	2002.0	6.0	5.0
1025	C:N/A	30.71	81.34	6.0	Tibet	NSC	2002.0	6.0	4.0
1026	14:56	28.79	80.53	4.0	Kanchanpur	NSC	2002.0	6.0	4.0
1027	17:35	27.67	86.67	5.2	Solukhumbu	NSC	2002.0	5.0	2.0
1028	09:56	26.87	86.31	4.0	Udayapur	NSC	2002.0	4.0	15.0
1029	07:23	27.46	86.14	4.0	Ramechhap	NSC	2002.0	4.0	9.0
1030	07:41	27.72	86.37	4.1	Dolakha	NSC	2002.0	2.0	3.0
1031	C:N/A	23.83	89.88	4.8	Bangaladesh	NSC	2001.0	12.0	19.0
1032	02:21	29.58	81.77	4.7	Mugu	RSC	2001.0	12.0	18.0
1033	C:N/A	29.59	81.77	4.5	Mugu	RSC	2001.0	11.0	28.0
1034	C:N/A	29.52	81.99	5.2	Mugu	RSC	2001.0	11.0	27.0
1035	C:N/A	29.63	81.79	5.7	Mugu	RSC	2001.0	11.0	27.0
1036	C:N/A	29.53	81.81	5.8	Mugu	RSC	2001.0	11.0	27.0
1037	C:N/A	29.56	81.46	4.7	Humla	RSC	2001.0	10.0	27.0
1038	C:N/A	26.98	87.78	4.8	Udayapur	NSC	2001.0	9.0	27.0
1039	C:N/A	29.821	80.644	5.0	Darchula	NSC	2001.0	9.0	13.0
1040	C:N/A	27.97	84.68	5.9	Gorkha	NSC	2001.0	7.0	16.0
1041	23:01	28.27	84.25	4.8	Lamjung	NSC	2001.0	7.0	16.0
1042	C:N/A	29.507	81.394	4.3	Bajhang	NSC	2001.0	7.0	11.0
1043	08:36	29.41	81.58	4.5	Bajura	RSC	2001.0	4.0	15.0
1044	C:N/A	27.806	86.171	4.8	Dolakha	NSC	2001.0	4.0	4.0
1045	C:N/A	24.173	69.853	7.0	Bhuj/India	NSC	2001.0	1.0	26.0
1046	C:N/A	27.84	87.71	4.1	Taplejung	NSC	2000.0	12.0	31.0
1047	C:N/A	28.071	85.334	4.5	Nuwakot	NSC	2000.0	9.0	2.0
1048	C:N/A	28.07	83.29	4.2	Arghanchi	NSC	2000.0	6.0	2.0
1049	C:N/A	27.76	87.55	4.2	Sankhuwasabha	NSC	2000.0	3.0	17.0
1050	C:N/A	29.77	81.41	4.2	Bajhang	NSC	2000.0	3.0	13.0
1051	C:N/A	27.99	87.42	5.0	Taplejung	NSC	2000.0	3.0	13.0
1052	C:N/A	27.73	87.71	5.1	Sankhuwasabha	NSC	2000.0	3.0	13.0
1053	C:N/A	28.617	82.314	5.1	Jajarkot	NSC	2000.0	2.0	26.0
1054	12:07	27.378	88.059	4.6	Taplejung	NSC	2000.0	1.0	25.0
1055	C:N/A	27.928	86.06	4.8	Sindhupalchowk	NSC	2000.0	1.0	20.0
1056	C:N/A	30.159	81.563	4.6	Humla	NSC	1999.0	12.0	11.0
1057	07:28	27.44	87.85	4.9	Taplejung	NSC	1999.0	9.0	20.0
1058	C:N/A	28.157	84.742	4.5	Gorkha	NSC	1999.0	8.0	25.0
1059	C:N/A	27.795	86.208	5.7	Dolakha	NSC	1999.0	8.0	10.0
1060	C:N/A	29.596	81.226	4.4	Bajhang	RSC	1999.0	4.0	7.0
1061	C:N/A	30.498	79.257	6.5	Chamauli/India	RSC	1999.0	3.0	28.0
1062	C:N/A	27.934	85.834	4.8	Sindhupalchowk	NSC	1999.0	3.0	19.0
1063	C:N/A	29.867	80.618	4.6	Darchula	RSC	1999.0	2.0	19.0
1064	C:N/A	28.61	83.348	4.7	Myagdi	NSC	1999.0	2.0	11.0
1065	C:N/A	27.859	87.814	5.4	Taplejung	NSC	1998.0	11.0	26.0
1066	C:N/A	28.077	85.66	4.9	Sindhupalchowk	NSC	1998.0	10.0	16.0
1067	22:57	27.35	88.36	5.0	Taplejung	NSC	1998.0	9.0	10.0
1068	21:35	27.84	87.0	4.6	Solukhumbu	NSC	1998.0	9.0	6.0
1069	21:16	27.78	86.96	4.0	Solukhumbu	NSC	1998.0	9.0	4.0
1070	C:N/A	27.873	86.964	5.6	Solukhumbu	NSC	1998.0	9.0	3.0
1071	14:31	27.77	87.85	4.5	Taplejung	NSC	1998.0	8.0	20.0
1072	C:N/A	29.551	81.247	5.1	Bajhang	NSC	1998.0	7.0	15.0
1073	04:36	29.37	81.34	4.8	Bajura	RSC	1998.0	7.0	15.0
1074	C:N/A	27.866	85.812	5.0	Sankhuwasabha	NSC	1998.0	6.0	27.0
1075	C:N/A	26.76	84.817	4.8	Parsa	NSC	1998.0	5.0	16.0
1076	C:N/A	29.41	82.38	4.7	Jumla	RSC	1998.0	5.0	10.0
1077	C:N/A	27.15	87.86	5.0	Panchthar	NSC	1998.0	2.0	28.0
1078	C:N/A	28.72	85.52	5.5	Tibet	NSC	1998.0	2.0	22.0
1079	C:N/A	27.59	88.19	4.6	Taplejung	NSC	1998.0	2.0	12.0
1080	C:N/A	27.19	86.85	5.0	Khotang	NSC	1997.0	12.0	8.0
1081	C:N/A	27.74	87.0	5.5	Solukhumbu	NSC	1997.0	11.0	27.0
1082	C:N/A	27.75	86.0	4.3	Dolakha	NSC	1997.0	11.0	26.0
1083	C:N/A	28.66	82.54	5.2	Rukum	RSC	1997.0	10.0	24.0
1084	12:06	28.52	82.4	5.2	salyan	NSC	1997.0	10.0	24.0
1085	C:N/A	27.65	86.41	4.8	Ramechhap	NSC	1997.0	10.0	11.0
1086	10:11	27.7	86.46	5.0	Ramechhap	NSC	1997.0	10.0	11.0
1087	02:35	28.38	81.48	4.0	Bardiya	RSC	1997.0	9.0	6.0
1088	06:26	28.93	81.73	4.1	Dailekh	RSC	1997.0	6.0	17.0
1089	C:N/A	28.68	82.58	4.5	Rukum	RSC	1997.0	5.0	28.0
1090	03:04	27.42	86.8	4.2	Solukhumbu	NSC	1997.0	5.0	26.0
1091	00:45	27.34	86.78	4.0	Khotang	NSC	1997.0	5.0	26.0
1092	C:N/A	23.71	80.47	6.0	India	NSC	1997.0	5.0	21.0
1093	16:21	27.7	87.78	4.2	Taplejung	NSC	1997.0	5.0	12.0
1094	15:37	29.34	80.64	4.2	Dadeldhura	RSC	1997.0	5.0	1.0
1095	07:19	27.63	86.58	4.1	Solukhumbu	NSC	1997.0	4.0	15.0
1096	C:N/A	27.5	87.746	4.6	Solukhumbu	NSC	1997.0	4.0	7.0
1097	13:00	27.47	86.67	5.1	Solukhumbu	NSC	1997.0	4.0	7.0
1098	07:10	27.97	85.26	4.3	Nuwakot	NSC	1997.0	3.0	29.0
1099	21:28	28.08	85.29	5.4	Rasuwa	NSC	1997.0	3.0	24.0
1100	09:29	26.89	86.35	5.2	Udayapur	NSC	1997.0	3.0	3.0
1101	C:N/A	29.52	81.33	4.4	Bajhang	RSC	1997.0	2.0	18.0
1102	06:55	29.22	81.73	4.1	kalikot	RSC	1997.0	2.0	18.0
1103	C:N/A	28.12	85.33	4.2	Rasuwa	NSC	1997.0	2.0	10.0
1104	20:06	28.04	85.31	5.0	Rasuwa	NSC	1997.0	2.0	10.0
1105	05:16	27.96	85.32	5.4	Nuwakot	NSC	1997.0	2.0	8.0
1106	14:10	27.96	85.28	4.1	Nuwakot	NSC	1997.0	2.0	6.0
1107	C:N/A	28.02	85.33	5.0	Rasuwa	NSC	1997.0	2.0	3.0
1108	C:N/A	28.09	85.29	4.7	Rasuwa	NSC	1997.0	2.0	3.0
1109	10:38	28.09	85.32	5.1	Rasuwa	NSC	1997.0	2.0	3.0
1110	00:43	28.01	85.34	4.7	Rasuwa	NSC	1997.0	2.0	3.0
1111	C:N/A	28.0	85.303	4.7	Rasuwa	NSC	1997.0	2.0	1.0
1112	05:55	28.01	85.32	5.0	Rasuwa	NSC	1997.0	2.0	1.0
1113	C:N/A	28.015	85.301	5.0	Rasuwa	NSC	1997.0	1.0	31.0
1114	C:N/A	28.078	85.286	5.8	Rasuwa	NSC	1997.0	1.0	31.0
1115	20:55	28.0	85.29	4.9	Rasuwa	NSC	1997.0	1.0	31.0
1116	20:42	28.03	85.33	4.2	Rasuwa	NSC	1997.0	1.0	31.0
1117	20:02	28.03	85.34	5.8	Rasuwa	NSC	1997.0	1.0	31.0
1118	C:N/A	29.785	80.588	5.6	Darchula	RSC	1997.0	1.0	5.0
1119	11:38	29.82	80.95	4.4	Darchula	RSC	1997.0	1.0	5.0
1120	C:N/A	27.005	86.561	4.5	Udayapur	NSC	1997.0	1.0	1.0
1121	07:09	26.94	86.54	4.4	Udayapur	NSC	1996.0	12.0	31.0
1122	11:08	27.22	86.91	5.7	Khotang	NSC	1996.0	12.0	30.0
1123	C:N/A	29.75	81.828	5.2	Humla	RSC	1996.0	12.0	29.0
1124	21:51	29.4	81.84	5.3	Kalikot	RSC	1996.0	12.0	29.0
1125	C:N/A	29.012	81.726	4.4	Dailekh	RSC	1996.0	12.0	22.0
1126	21:45	28.56	81.96	4.1	Surkhet	RSC	1996.0	12.0	22.0
1127	21:45	28.61	81.79	4.0	Surkhet	RSC	1996.0	12.0	22.0
1128	16:51	28.91	81.81	4.0	Dailekh	RSC	1996.0	12.0	22.0
1129	C:N/A	27.39	86.842	5.3	Solukhumbu	NSC	1996.0	12.0	3.0
1130	C:N/A	29.667	81.699	4.9	Humla	RSC	1996.0	11.0	8.0
1131	00:54	29.37	81.92	4.2	Kalikot	RSC	1996.0	11.0	8.0
1132	C:N/A	29.63	81.859	4.9	Mugu	RSC	1996.0	11.0	4.0
1133	20:43	29.51	81.77	4.2	Bajura	RSC	1996.0	11.0	4.0
1134	16:01	29.32	81.95	4.3	Jumla	RSC	1996.0	10.0	31.0
1135	21:57	29.17	81.09	4.1	Achham	RSC	1996.0	9.0	22.0
1136	19:03	30.11	81.64	4.4	Humla	RSC	1996.0	9.0	17.0
1137	22:10	29.9	81.69	4.1	Bajura	RSC	1996.0	9.0	16.0
1138	01:08	29.58	81.65	4.3	Bajura	RSC	1996.0	8.0	28.0
1139	13:05	27.19	88.01	4.2	Panchthar	NSC	1996.0	8.0	8.0
1140	06:25	29.45	81.94	4.0	Mugu	RSC	1996.0	7.0	28.0
1141	10:53	29.55	81.04	4.0	Bajhang	RSC	1996.0	7.0	14.0
1142	17:41	29.15	82.15	4.2	Jumla	RSC	1996.0	7.0	10.0
1143	08:19	27.38	86.9	4.4	Khotang	NSC	1996.0	5.0	27.0
1144	07:19	27.4	86.95	4.0	Bhojpur	NSC	1996.0	5.0	27.0
1145	C:N/A	27.935	87.705	5.3	Taplejung	NSC	1996.0	4.0	26.0
1146	22:37	26.9	86.36	4.0	Udayapur	NSC	1996.0	4.0	5.0
1147	C:N/A	27.122	86.766	4.8	Udayapur	NSC	1996.0	2.0	28.0
1148	08:11	27.12	86.77	4.5	Khotang	NSC	1996.0	2.0	28.0
1149	04:50	29.83	80.93	4.0	Darchula	RSC	1996.0	2.0	26.0
1150	22:31	29.74	81.36	4.1	Bajhang	RSC	1996.0	2.0	19.0
1151	22:28	29.79	81.36	4.0	Bajhang	RSC	1996.0	2.0	19.0
1152	10:56	29.37	80.37	5.0	Baitadi	RSC	1996.0	2.0	7.0
1153	00:35	28.06	84.26	4.4	Tanahun	NSC	1996.0	1.0	27.0
1154	19:02	27.55	86.27	4.1	Ramechhap	NSC	1995.0	12.0	24.0
1155	17:56	28.14	85.34	4.2	Rasuwa	NSC	1995.0	11.0	12.0
1156	11:33	28.76	83.72	4.2	Mustang	NSC	1995.0	10.0	27.0
1157	14:39	28.26	84.39	4.7	Lamjung	NSC	1995.0	10.0	4.0
1158	19:09	30.0	81.58	4.3	Humla	RSC	1995.0	8.0	8.0
1159	00:12	29.88	81.62	4.9	Bajura	RSC	1995.0	8.0	7.0
1160	09:53	29.99	81.57	4.0	Humla	RSC	1995.0	8.0	6.0
1161	05:21	30.0	81.6	4.0	Humla	RSC	1995.0	8.0	5.0
1162	03:05	30.04	81.54	5.0	Humla	RSC	1995.0	8.0	3.0
1163	00:36	28.81	80.45	4.2	Kanchanpur	RSC	1995.0	7.0	26.0
1164	09:12	28.02	86.78	4.1	Solukhumbu	NSC	1995.0	7.0	24.0
1165	06:39	27.4	87.96	4.2	Taplejung	NSC	1995.0	6.0	11.0
1166	12:55	29.43	81.71	4.5	Bajura	NSC	1995.0	6.0	5.0
1167	21:45	28.59	84.5	4.1	Manang	NSC	1995.0	5.0	9.0
1168	17:34	29.52	81.65	4.9	Bajura	RSC	1995.0	4.0	17.0
1169	01:32	29.39	81.83	5.5	Kalikot	RSC	1995.0	4.0	17.0
1170	21:21	29.3	81.8	4.1	Kalikot	RSC	1995.0	3.0	27.0
1171	15:15	29.96	80.78	4.1	Darchula	RSC	1995.0	2.0	28.0
1172	13:09	27.81	85.89	4.7	Sindhupalchok	NSC	1995.0	2.0	18.0
1173	04:32	29.46	81.07	4.0	Bajhang	RSC	1995.0	2.0	8.0
1174	08:20	27.14	87.74	4.1	Panchthar	NSC	1995.0	2.0	6.0
1175	13:56	29.22	82.25	4.4	Jumla	RSC	1995.0	1.0	30.0
1176	03:06	29.26	82.57	4.5	Dolpa	RSC	1995.0	1.0	30.0
1177	20:52	26.85	86.11	4.5	Dhanusha	NSC	1995.0	1.0	29.0
1178	17:20	29.08	81.73	4.3	Kalikot	RSC	1995.0	1.0	27.0
1179	06:13	27.9	87.8	4.0	Taplejung	NSC	1995.0	1.0	22.0
1180	06:33	28.35	83.44	4.3	Myagdi	NSC	1995.0	1.0	19.0
1181	13:38	27.9	84.99	4.2	Dhading	NSC	1994.0	12.0	21.0
1182	08:41	28.47	82.98	4.5	Baglung	NSC	1994.0	12.0	13.0
1183	20:32	27.79	85.82	4.1	Sindhupalchok	NSC	1994.0	12.0	9.0
1184	16:57	29.73	81.65	4.6	Bajura	RSC	1994.0	11.0	27.0
1185	08:40	29.77	80.7	4.4	Darchula	RSC	1994.0	11.0	7.0
1186	00:00	28.82	81.97	4.5	Jajarkot	RSC	1994.0	10.0	24.0
1187	07:50	28.82	82.22	4.5	Jajarkot	RSC	1994.0	10.0	22.0
1188	13:57	26.81	86.09	4.1	Dhanusha	NSC	1994.0	9.0	27.0
1189	19:59	26.92	86.62	4.0	Udayapur	NSC	1994.0	8.0	16.0
1190	08:32	27.82	86.19	5.1	Dolakha	NSC	1994.0	6.0	25.0
1191	13:25	29.8	82.41	4.5	Mugu	RSC	1994.0	5.0	25.0
1192	06:15	29.81	81.77	4.0	Bajura	RSC	1994.0	5.0	25.0
1193	18:45	28.52	83.03	4.4	Baglung	NSC	1994.0	5.0	3.0
1194	02:05	29.33	81.83	4.0	Kalikot	RSC	1994.0	3.0	8.0
